Workbook

Sheet 使い方
A1: 見積依頼書ジェネレーター（Excel版）
A2: 物件の情報を入れると、業者に渡す見積依頼書（単価欄は空欄）が自動でできあがります。マクロは使っていません。
B4: やること | C4: 内容
A5: 1 | B5: 「入力」シートを開く | C5: STEP 1〜4 の黄色いセルに、お客様名・構造・階数・面積などを入れ、工事タイプを選びます。
A6: 2 | B6: 含める工事を確認する | C6: STEP 4 の表で、採用される工事が分かります。変えたいときだけ「手動で変更」に ○ か × を入れます。
A7: 3 | B7: 「見積書」シートで内訳を見る | C7: 選んだ内容に合わせて、工事ごとの内訳と数量が自動で並びます。
A8: 4 | B8: 業者に送る | C8: ファイルを別名で保存して送ります。業者は「見積書」の黄色い欄（単価・摘要）に入力します。
A9: 5 | B9: 返ってきた見積書を見る | C9: 業者が単価を入れると、金額・小計・合計が自動で計算されます。
A11: シートの役割
B12: 入力 | C12: 自分で入力・選択するシートです。ふだん触るのはここだけです。
B13: 見積書 | C13: 業者に渡すシートです。内訳は自動で並びます。単価と摘要だけ業者が入力します。
B14: マスタ | C14: 全項目の一覧です。項目の名前や単位を直したいときに使います。灰色のタブは、ふだん触らなくて大丈夫です。
A16: 気をつけること
B17: ・業者に送ったあとは、自社のファイルの「入力」シートを変えないでください。内訳の行の位置がずれて、業者の単価とずれます。
B18: ・数式を含まない見積書にしたいときは、「見積書」シートを全選択してコピーし、新しいブックに「値と元の書式設定」で貼り付けます。
B19: ・項目を足したいときは、マスタの小計行（行種別 S）の上に行を挿入し、K〜N列の数式を上の行からコピーしてください。
B20: ・「設定」シートは非表示です。工事タイプの中身を変えるときは、シートのタブを右クリック →「再表示」で開けます。
A22: 元のフォーマット（リフォーム・リノベーション工事見積書）の体裁に合わせています。

Sheet 入力
A1: 見積依頼書ジェネレーター
A2: STEP 1 → 5 の順に、黄色のセルへ入力・選択してください。（入力済みの内容は例です。上書きしてください）
A4: STEP 1 物件の基本情報
A5: お客様名 | D5: 例: 山田太郎 （「様邸」は自動で付きます）
A6: 工事名 | B6: リノベーション工事 | D6: 例: リノベーション工事
A7: 物件所在地
A8: 依頼元（自社名） | D8: 見積書の右上に表示されます
A9: 提出先（業者名） | D9: 「御中」は自動で付きます。業者ごとに変えて見積書を作ります
A10: 工事希望時期 | D10: 例: 2026年12月〜
A11: 見積提出期限 | D11: 日付を入力（例: 2026/11/30）
A12: 備考・特記事項 | D12: 搬入経路、工事時間の制限など、業者に伝えたいこと
A14: STEP 2 建物の条件を選ぶ
A15: ▼ が出るセルは、一覧から選びます。
A16: 構造 | B16: 木造 | D16: 木造以外では、木工事の木材項目が外れ、下地の項目に切り替わります
A17: 階数 | B17: 2階建て | D17: 選んだ階数に合わせて、2階・3階の項目だけが出ます
A18: 工事タイプ | B18: フルリノベーション | D18: 選ぶと、含める工事がSTEP 4の表で自動で決まります
A20: STEP 3 面積などの数値を入力
A21: 1階床面積 | B21: 63.6 | C21: ㎡ | D21: 解体・木工事・防蟻・養生清掃などの数量に使います
A22: 2階床面積 | B22: 33 | C22: ㎡ | D22: 平屋のときは使いません
A23: 3階床面積 | C23: ㎡ | D23: 3階建てのときだけ使います
A24: 屋根面積 | B24: 83 | C24: ㎡ | D24: 屋根板金工事の屋根葺き・防水シートに使います
A25: 外壁面積 | B25: 123.3 | C25: ㎡ | D25: 外壁の角波工事に使います
A26: 足場面積 | B26: 360 | C26: ㎡ | D26: 仮設足場・メッシュシートに使います（空欄なら外壁面積）
A27: トイレの数 | B27: 2 | C27: ヶ所 | D27: トイレ解体の数量に使います
A28: クロス貼りの延長 | B28: 670 | C28: m | D28: クロス貼りの数量に使います
A29: → 延床面積（自動計算） | B29: =IF('設定'!$K$4="","（未入力）",'設定'!$K$4&" ㎡（約 "&'設定'!$K$5&" 坪）") | D29: 選んだ階数の床面積の合計です
A31: STEP 4 含める工事を確認する
A32: 工事 | B32: タイプでの初期値 | C32: 手動で変更（○=含める / ×=外す） | D32: 結果（項目数）
A33: 解体工事 | B33: =IF(INDEX('設定'!$C$23:$F$23,'設定'!$K$7)=1,"含める","—") | D33: =IF('設定'!G23=1,"採用（"&COUNTIFS('マスタ'!$B$2:$B$246,1,'マスタ'!$A$2:$A$246,"I",'マスタ'!$L$2:$L$246,1)&"項目）","除外")
A34: 基礎工事 | B34: =IF(INDEX('設定'!$C$24:$F$24,'設定'!$K$7)=1,"含める","—") | D34: =IF('設定'!G24=1,"採用（"&COUNTIFS('マスタ'!$B$2:$B$246,2,'マスタ'!$A$2:$A$246,"I",'マスタ'!$L$2:$L$246,1)&"項目）","除外")
A35: 木工事 | B35: =IF(INDEX('設定'!$C$25:$F$25,'設定'!$K$7)=1,"含める","—") | D35: =IF('設定'!G25=1,"採用（"&COUNTIFS('マスタ'!$B$2:$B$246,3,'マスタ'!$A$2:$A$246,"I",'マスタ'!$L$2:$L$246,1)&"項目）","除外")
A36: 屋根板金工事 | B36: =IF(INDEX('設定'!$C$26:$F$26,'設定'!$K$7)=1,"含める","—") | D36: =IF('設定'!G26=1,"採用（"&COUNTIFS('マスタ'!$B$2:$B$246,4,'マスタ'!$A$2:$A$246,"I",'マスタ'!$L$2:$L$246,1)&"項目）","除外")
A37: 内外装工事 | B37: =IF(INDEX('設定'!$C$27:$F$27,'設定'!$K$7)=1,"含める","—") | D37: =IF('設定'!G27=1,"採用（"&COUNTIFS('マスタ'!$B$2:$B$246,5,'マスタ'!$A$2:$A$246,"I",'マスタ'!$L$2:$L$246,1)&"項目）","除外")
A38: 鋼製建具工事 | B38: =IF(INDEX('設定'!$C$28:$F$28,'設定'!$K$7)=1,"含める","—") | D38: =IF('設定'!G28=1,"採用（"&COUNTIFS('マスタ'!$B$2:$B$246,6,'マスタ'!$A$2:$A$246,"I",'マスタ'!$L$2:$L$246,1)&"項目）","除外")
A39: 塗装工事 | B39: =IF(INDEX('設定'!$C$29:$F$29,'設定'!$K$7)=1,"含める","—") | D39: =IF('設定'!G29=1,"採用（"&COUNTIFS('マスタ'!$B$2:$B$246,7,'マスタ'!$A$2:$A$246,"I",'マスタ'!$L$2:$L$246,1)&"項目）","除外")
A40: 電気設備工事 | B40: =IF(INDEX('設定'!$C$30:$F$30,'設定'!$K$7)=1,"含める","—") | D40: =IF('設定'!G30=1,"採用（"&COUNTIFS('マスタ'!$B$2:$B$246,8,'マスタ'!$A$2:$A$246,"I",'マスタ'!$L$2:$L$246,1)&"項目）","除外")
A41: 給排水設備工事 | B41: =IF(INDEX('設定'!$C$31:$F$31,'設定'!$K$7)=1,"含める","—") | D41: =IF('設定'!G31=1,"採用（"&COUNTIFS('マスタ'!$B$2:$B$246,9,'マスタ'!$A$2:$A$246,"I",'マスタ'!$L$2:$L$246,1)&"項目）","除外")
A42: 住宅設備工事 | B42: =IF(INDEX('設定'!$C$32:$F$32,'設定'!$K$7)=1,"含める","—") | D42: =IF('設定'!G32=1,"採用（"&COUNTIFS('マスタ'!$B$2:$B$246,10,'マスタ'!$A$2:$A$246,"I",'マスタ'!$L$2:$L$246,1)&"項目）","除外")
A43: 仮設工事 | B43: =IF(INDEX('設定'!$C$33:$F$33,'設定'!$K$7)=1,"含める","—") | D43: =IF('設定'!G33=1,"採用（"&COUNTIFS('マスタ'!$B$2:$B$246,11,'マスタ'!$A$2:$A$246,"I",'マスタ'!$L$2:$L$246,1)&"項目）","除外")
A44: 諸経費 | B44: =IF(INDEX('設定'!$C$34:$F$34,'設定'!$K$7)=1,"含める","—") | D44: =IF('設定'!G34=1,"採用（"&COUNTIFS('マスタ'!$B$2:$B$246,12,'マスタ'!$A$2:$A$246,"I",'マスタ'!$L$2:$L$246,1)&"項目）","除外")
A45: 現在の内訳 | B45: =COUNTIF('設定'!$G$23:$G$34,1)&"工事 / "&COUNTIFS('マスタ'!$A$2:$A$246,"I",'マスタ'!$L$2:$L$246,1)&"項目"
A47: STEP 5 見積書を確認して、業者へ送る
A48: =HYPERLINK("#'見積書'!A1","▶ 見積書シートを開く")
A49: ・見積書シートに、内訳が自動で並んでいます。内容を確認してください。
A50: ・業者へ送るときは、このファイルを別名で保存して送ります。業者は「見積書」の黄色い欄（単価・摘要）だけ入力します。
A51: ・送ったあとは、このファイルの入力内容を変えないでください（行の位置がずれます）。

Sheet 見積書
B1: =IF('入力'!B5="","お名前",'入力'!B5)&" 様邸"&'入力'!B6&" 見積書" | G1: ※ 黄色の欄（単価・摘要）をご記入ください
B2: =IF('入力'!B9="","",'入力'!B9&" 御中") | G2: ='入力'!B8&""
A3: No. | B3: 名 称 | C3: 仕 様 | D3: 数量 | F3: 単位 | G3: 単 価 | I3: 金 額 | K3: 摘 要
A4: （内 訳 明 細）
A5: =IF(N5="","",1) | B5: =IF(N5="","",INDEX('設定'!$B$23:$B$34,N5)) | D5: =IF(N5="","",1) | F5: =IF(N5="","","式") | I5: =IF(N5="","",SUMIFS(I$24:I$274,N$24:N$274,N5,M$24:M$274,"S")) | N5: =IFERROR(MATCH(1,'設定'!$H$23:$H$34,0),"")
A6: =IF(N6="","",2) | B6: =IF(N6="","",INDEX('設定'!$B$23:$B$34,N6)) | D6: =IF(N6="","",1) | F6: =IF(N6="","","式") | I6: =IF(N6="","",SUMIFS(I$24:I$274,N$24:N$274,N6,M$24:M$274,"S")) | N6: =IFERROR(MATCH(2,'設定'!$H$23:$H$34,0),"")
A7: =IF(N7="","",3) | B7: =IF(N7="","",INDEX('設定'!$B$23:$B$34,N7)) | D7: =IF(N7="","",1) | F7: =IF(N7="","","式") | I7: =IF(N7="","",SUMIFS(I$24:I$274,N$24:N$274,N7,M$24:M$274,"S")) | N7: =IFERROR(MATCH(3,'設定'!$H$23:$H$34,0),"")
A8: =IF(N8="","",4) | B8: =IF(N8="","",INDEX('設定'!$B$23:$B$34,N8)) | D8: =IF(N8="","",1) | F8: =IF(N8="","","式") | I8: =IF(N8="","",SUMIFS(I$24:I$274,N$24:N$274,N8,M$24:M$274,"S")) | N8: =IFERROR(MATCH(4,'設定'!$H$23:$H$34,0),"")
A9: =IF(N9="","",5) | B9: =IF(N9="","",INDEX('設定'!$B$23:$B$34,N9)) | D9: =IF(N9="","",1) | F9: =IF(N9="","","式") | I9: =IF(N9="","",SUMIFS(I$24:I$274,N$24:N$274,N9,M$24:M$274,"S")) | N9: =IFERROR(MATCH(5,'設定'!$H$23:$H$34,0),"")
A10: =IF(N10="","",6) | B10: =IF(N10="","",INDEX('設定'!$B$23:$B$34,N10)) | D10: =IF(N10="","",1) | F10: =IF(N10="","","式") | I10: =IF(N10="","",SUMIFS(I$24:I$274,N$24:N$274,N10,M$24:M$274,"S")) | N10: =IFERROR(MATCH(6,'設定'!$H$23:$H$34,0),"")
A11: =IF(N11="","",7) | B11: =IF(N11="","",INDEX('設定'!$B$23:$B$34,N11)) | D11: =IF(N11="","",1) | F11: =IF(N11="","","式") | I11: =IF(N11="","",SUMIFS(I$24:I$274,N$24:N$274,N11,M$24:M$274,"S")) | N11: =IFERROR(MATCH(7,'設定'!$H$23:$H$34,0),"")
A12: =IF(N12="","",8) | B12: =IF(N12="","",INDEX('設定'!$B$23:$B$34,N12)) | D12: =IF(N12="","",1) | F12: =IF(N12="","","式") | I12: =IF(N12="","",SUMIFS(I$24:I$274,N$24:N$274,N12,M$24:M$274,"S")) | N12: =IFERROR(MATCH(8,'設定'!$H$23:$H$34,0),"")
A13: =IF(N13="","",9) | B13: =IF(N13="","",INDEX('設定'!$B$23:$B$34,N13)) | D13: =IF(N13="","",1) | F13: =IF(N13="","","式") | I13: =IF(N13="","",SUMIFS(I$24:I$274,N$24:N$274,N13,M$24:M$274,"S")) | N13: =IFERROR(MATCH(9,'設定'!$H$23:$H$34,0),"")
A14: =IF(N14="","",10) | B14: =IF(N14="","",INDEX('設定'!$B$23:$B$34,N14)) | D14: =IF(N14="","",1) | F14: =IF(N14="","","式") | I14: =IF(N14="","",SUMIFS(I$24:I$274,N$24:N$274,N14,M$24:M$274,"S")) | N14: =IFERROR(MATCH(10,'設定'!$H$23:$H$34,0),"")
A15: =IF(N15="","",11) | B15: =IF(N15="","",INDEX('設定'!$B$23:$B$34,N15)) | D15: =IF(N15="","",1) | F15: =IF(N15="","","式") | I15: =IF(N15="","",SUMIFS(I$24:I$274,N$24:N$274,N15,M$24:M$274,"S")) | N15: =IFERROR(MATCH(11,'設定'!$H$23:$H$34,0),"")
A16: =IF(N16="","",12) | B16: =IF(N16="","",INDEX('設定'!$B$23:$B$34,N16)) | D16: =IF(N16="","",1) | F16: =IF(N16="","","式") | I16: =IF(N16="","",SUMIFS(I$24:I$274,N$24:N$274,N16,M$24:M$274,"S")) | N16: =IFERROR(MATCH(12,'設定'!$H$23:$H$34,0),"")
B18: 調整費
B20: 合 計 | I20: =SUM(I5:I16)+N(I18)
B21: ="構造: "&'入力'!B16&" / "&'入力'!B17&IF('設定'!$K$4="","",", 延床 "&'設定'!$K$4&"㎡（"&'設定'!$K$5&"坪）")&IF('入力'!B11="","", " / 提出期限 "&TEXT('入力'!B11,"yyyy/m/d"))
B22: =IF('入力'!B12="","","備考: "&'入力'!B12)
A23: （内 訳 明 細）
A24: =IF(M24="T",INDEX('設定'!$H$23:$H$34,N24),"") | B24: =IF(OR(L24="",M24="B"),"",INDEX('マスタ'!$C$2:$C$246,L24)) | C24: =IF(M24="I",INDEX('マスタ'!$D$2:$D$246,L24)&"","") | D24: =IF(M24="I",INDEX('マスタ'!$M$2:$M$246,L24),"") | F24: =IF(M24="I",INDEX('マスタ'!$F$2:$F$246,L24)&"","") | I24: =IF(AND(M24="I",G24<>"",D24<>""),ROUND(D24*G24,0),"") | L24: =IFERROR(MATCH(1,'マスタ'!$N$2:$N$246,0),"") | M24: =IF(L24="","",INDEX('マスタ'!$A$2:$A$246,L24)) | N24: =IF(L24="","",INDEX('マスタ'!$B$2:$B$246,L24))
A25: =IF(M25="T",INDEX('設定'!$H$23:$H$34,N25),"") | B25: =IF(OR(L25="",M25="B"),"",INDEX('マスタ'!$C$2:$C$246,L25)) | C25: =IF(M25="I",INDEX('マスタ'!$D$2:$D$246,L25)&"","") | D25: =IF(M25="I",INDEX('マスタ'!$M$2:$M$246,L25),"") | F25: =IF(M25="I",INDEX('マスタ'!$F$2:$F$246,L25)&"","") | I25: =IF(M25="I",IF(OR(G25="",D25=""),"",ROUND(D25*G25,0)),IF(M25="S",SUMIFS(I$24:I24,N$24:N24,N25,M$24:M24,"I"),"")) | L25: =IFERROR(MATCH(2,'マスタ'!$N$2:$N$246,0),"") | M25: =IF(L25="","",INDEX('マスタ'!$A$2:$A$246,L25)) | N25: =IF(L25="","",INDEX('マスタ'!$B$2:$B$246,L25))
A26: =IF(M26="T",INDEX('設定'!$H$23:$H$34,N26),"") | B26: =IF(OR(L26="",M26="B"),"",INDEX('マスタ'!$C$2:$C$246,L26)) | C26: =IF(M26="I",INDEX('マスタ'!$D$2:$D$246,L26)&"","") | D26: =IF(M26="I",INDEX('マスタ'!$M$2:$M$246,L26),"") | F26: =IF(M26="I",INDEX('マスタ'!$F$2:$F$246,L26)&"","") | I26: =IF(M26="I",IF(OR(G26="",D26=""),"",ROUND(D26*G26,0)),IF(M26="S",SUMIFS(I$24:I25,N$24:N25,N26,M$24:M25,"I"),"")) | L26: =IFERROR(MATCH(3,'マスタ'!$N$2:$N$246,0),"") | M26: =IF(L26="","",INDEX('マスタ'!$A$2:$A$246,L26)) | N26: =IF(L26="","",INDEX('マスタ'!$B$2:$B$246,L26))
A27: =IF(M27="T",INDEX('設定'!$H$23:$H$34,N27),"") | B27: =IF(OR(L27="",M27="B"),"",INDEX('マスタ'!$C$2:$C$246,L27)) | C27: =IF(M27="I",INDEX('マスタ'!$D$2:$D$246,L27)&"","") | D27: =IF(M27="I",INDEX('マスタ'!$M$2:$M$246,L27),"") | F27: =IF(M27="I",INDEX('マスタ'!$F$2:$F$246,L27)&"","") | I27: =IF(M27="I",IF(OR(G27="",D27=""),"",ROUND(D27*G27,0)),IF(M27="S",SUMIFS(I$24:I26,N$24:N26,N27,M$24:M26,"I"),"")) | L27: =IFERROR(MATCH(4,'マスタ'!$N$2:$N$246,0),"") | M27: =IF(L27="","",INDEX('マスタ'!$A$2:$A$246,L27)) | N27: =IF(L27="","",INDEX('マスタ'!$B$2:$B$246,L27))
A28: =IF(M28="T",INDEX('設定'!$H$23:$H$34,N28),"") | B28: =IF(OR(L28="",M28="B"),"",INDEX('マスタ'!$C$2:$C$246,L28)) | C28: =IF(M28="I",INDEX('マスタ'!$D$2:$D$246,L28)&"","") | D28: =IF(M28="I",INDEX('マスタ'!$M$2:$M$246,L28),"") | F28: =IF(M28="I",INDEX('マスタ'!$F$2:$F$246,L28)&"","") | I28: =IF(M28="I",IF(OR(G28="",D28=""),"",ROUND(D28*G28,0)),IF(M28="S",SUMIFS(I$24:I27,N$24:N27,N28,M$24:M27,"I"),"")) | L28: =IFERROR(MATCH(5,'マスタ'!$N$2:$N$246,0),"") | M28: =IF(L28="","",INDEX('マスタ'!$A$2:$A$246,L28)) | N28: =IF(L28="","",INDEX('マスタ'!$B$2:$B$246,L28))
A29: =IF(M29="T",INDEX('設定'!$H$23:$H$34,N29),"") | B29: =IF(OR(L29="",M29="B"),"",INDEX('マスタ'!$C$2:$C$246,L29)) | C29: =IF(M29="I",INDEX('マスタ'!$D$2:$D$246,L29)&"","") | D29: =IF(M29="I",INDEX('マスタ'!$M$2:$M$246,L29),"") | F29: =IF(M29="I",INDEX('マスタ'!$F$2:$F$246,L29)&"","") | I29: =IF(M29="I",IF(OR(G29="",D29=""),"",ROUND(D29*G29,0)),IF(M29="S",SUMIFS(I$24:I28,N$24:N28,N29,M$24:M28,"I"),"")) | L29: =IFERROR(MATCH(6,'マスタ'!$N$2:$N$246,0),"") | M29: =IF(L29="","",INDEX('マスタ'!$A$2:$A$246,L29)) | N29: =IF(L29="","",INDEX('マスタ'!$B$2:$B$246,L29))
A30: =IF(M30="T",INDEX('設定'!$H$23:$H$34,N30),"") | B30: =IF(OR(L30="",M30="B"),"",INDEX('マスタ'!$C$2:$C$246,L30)) | C30: =IF(M30="I",INDEX('マスタ'!$D$2:$D$246,L30)&"","") | D30: =IF(M30="I",INDEX('マスタ'!$M$2:$M$246,L30),"") | F30: =IF(M30="I",INDEX('マスタ'!$F$2:$F$246,L30)&"","") | I30: =IF(M30="I",IF(OR(G30="",D30=""),"",ROUND(D30*G30,0)),IF(M30="S",SUMIFS(I$24:I29,N$24:N29,N30,M$24:M29,"I"),"")) | L30: =IFERROR(MATCH(7,'マスタ'!$N$2:$N$246,0),"") | M30: =IF(L30="","",INDEX('マスタ'!$A$2:$A$246,L30)) | N30: =IF(L30="","",INDEX('マスタ'!$B$2:$B$246,L30))
A31: =IF(M31="T",INDEX('設定'!$H$23:$H$34,N31),"") | B31: =IF(OR(L31="",M31="B"),"",INDEX('マスタ'!$C$2:$C$246,L31)) | C31: =IF(M31="I",INDEX('マスタ'!$D$2:$D$246,L31)&"","") | D31: =IF(M31="I",INDEX('マスタ'!$M$2:$M$246,L31),"") | F31: =IF(M31="I",INDEX('マスタ'!$F$2:$F$246,L31)&"","") | I31: =IF(M31="I",IF(OR(G31="",D31=""),"",ROUND(D31*G31,0)),IF(M31="S",SUMIFS(I$24:I30,N$24:N30,N31,M$24:M30,"I"),"")) | L31: =IFERROR(MATCH(8,'マスタ'!$N$2:$N$246,0),"") | M31: =IF(L31="","",INDEX('マスタ'!$A$2:$A$246,L31)) | N31: =IF(L31="","",INDEX('マスタ'!$B$2:$B$246,L31))
A32: =IF(M32="T",INDEX('設定'!$H$23:$H$34,N32),"") | B32: =IF(OR(L32="",M32="B"),"",INDEX('マスタ'!$C$2:$C$246,L32)) | C32: =IF(M32="I",INDEX('マスタ'!$D$2:$D$246,L32)&"","") | D32: =IF(M32="I",INDEX('マスタ'!$M$2:$M$246,L32),"") | F32: =IF(M32="I",INDEX('マスタ'!$F$2:$F$246,L32)&"","") | I32: =IF(M32="I",IF(OR(G32="",D32=""),"",ROUND(D32*G32,0)),IF(M32="S",SUMIFS(I$24:I31,N$24:N31,N32,M$24:M31,"I"),"")) | L32: =IFERROR(MATCH(9,'マスタ'!$N$2:$N$246,0),"") | M32: =IF(L32="","",INDEX('マスタ'!$A$2:$A$246,L32)) | N32: =IF(L32="","",INDEX('マスタ'!$B$2:$B$246,L32))
A33: =IF(M33="T",INDEX('設定'!$H$23:$H$34,N33),"") | B33: =IF(OR(L33="",M33="B"),"",INDEX('マスタ'!$C$2:$C$246,L33)) | C33: =IF(M33="I",INDEX('マスタ'!$D$2:$D$246,L33)&"","") | D33: =IF(M33="I",INDEX('マスタ'!$M$2:$M$246,L33),"") | F33: =IF(M33="I",INDEX('マスタ'!$F$2:$F$246,L33)&"","") | I33: =IF(M33="I",IF(OR(G33="",D33=""),"",ROUND(D33*G33,0)),IF(M33="S",SUMIFS(I$24:I32,N$24:N32,N33,M$24:M32,"I"),"")) | L33: =IFERROR(MATCH(10,'マスタ'!$N$2:$N$246,0),"") | M33: =IF(L33="","",INDEX('マスタ'!$A$2:$A$246,L33)) | N33: =IF(L33="","",INDEX('マスタ'!$B$2:$B$246,L33))
A34: =IF(M34="T",INDEX('設定'!$H$23:$H$34,N34),"") | B34: =IF(OR(L34="",M34="B"),"",INDEX('マスタ'!$C$2:$C$246,L34)) | C34: =IF(M34="I",INDEX('マスタ'!$D$2:$D$246,L34)&"","") | D34: =IF(M34="I",INDEX('マスタ'!$M$2:$M$246,L34),"") | F34: =IF(M34="I",INDEX('マスタ'!$F$2:$F$246,L34)&"","") | I34: =IF(M34="I",IF(OR(G34="",D34=""),"",ROUND(D34*G34,0)),IF(M34="S",SUMIFS(I$24:I33,N$24:N33,N34,M$24:M33,"I"),"")) | L34: =IFERROR(MATCH(11,'マスタ'!$N$2:$N$246,0),"") | M34: =IF(L34="","",INDEX('マスタ'!$A$2:$A$246,L34)) | N34: =IF(L34="","",INDEX('マスタ'!$B$2:$B$246,L34))
A35: =IF(M35="T",INDEX('設定'!$H$23:$H$34,N35),"") | B35: =IF(OR(L35="",M35="B"),"",INDEX('マスタ'!$C$2:$C$246,L35)) | C35: =IF(M35="I",INDEX('マスタ'!$D$2:$D$246,L35)&"","") | D35: =IF(M35="I",INDEX('マスタ'!$M$2:$M$246,L35),"") | F35: =IF(M35="I",INDEX('マスタ'!$F$2:$F$246,L35)&"","") | I35: =IF(M35="I",IF(OR(G35="",D35=""),"",ROUND(D35*G35,0)),IF(M35="S",SUMIFS(I$24:I34,N$24:N34,N35,M$24:M34,"I"),"")) | L35: =IFERROR(MATCH(12,'マスタ'!$N$2:$N$246,0),"") | M35: =IF(L35="","",INDEX('マスタ'!$A$2:$A$246,L35)) | N35: =IF(L35="","",INDEX('マスタ'!$B$2:$B$246,L35))
A36: =IF(M36="T",INDEX('設定'!$H$23:$H$34,N36),"") | B36: =IF(OR(L36="",M36="B"),"",INDEX('マスタ'!$C$2:$C$246,L36)) | C36: =IF(M36="I",INDEX('マスタ'!$D$2:$D$246,L36)&"","") | D36: =IF(M36="I",INDEX('マスタ'!$M$2:$M$246,L36),"") | F36: =IF(M36="I",INDEX('マスタ'!$F$2:$F$246,L36)&"","") | I36: =IF(M36="I",IF(OR(G36="",D36=""),"",ROUND(D36*G36,0)),IF(M36="S",SUMIFS(I$24:I35,N$24:N35,N36,M$24:M35,"I"),"")) | L36: =IFERROR(MATCH(13,'マスタ'!$N$2:$N$246,0),"") | M36: =IF(L36="","",INDEX('マスタ'!$A$2:$A$246,L36)) | N36: =IF(L36="","",INDEX('マスタ'!$B$2:$B$246,L36))
A37: =IF(M37="T",INDEX('設定'!$H$23:$H$34,N37),"") | B37: =IF(OR(L37="",M37="B"),"",INDEX('マスタ'!$C$2:$C$246,L37)) | C37: =IF(M37="I",INDEX('マスタ'!$D$2:$D$246,L37)&"","") | D37: =IF(M37="I",INDEX('マスタ'!$M$2:$M$246,L37),"") | F37: =IF(M37="I",INDEX('マスタ'!$F$2:$F$246,L37)&"","") | I37: =IF(M37="I",IF(OR(G37="",D37=""),"",ROUND(D37*G37,0)),IF(M37="S",SUMIFS(I$24:I36,N$24:N36,N37,M$24:M36,"I"),"")) | L37: =IFERROR(MATCH(14,'マスタ'!$N$2:$N$246,0),"") | M37: =IF(L37="","",INDEX('マスタ'!$A$2:$A$246,L37)) | N37: =IF(L37="","",INDEX('マスタ'!$B$2:$B$246,L37))
A38: =IF(M38="T",INDEX('設定'!$H$23:$H$34,N38),"") | B38: =IF(OR(L38="",M38="B"),"",INDEX('マスタ'!$C$2:$C$246,L38)) | C38: =IF(M38="I",INDEX('マスタ'!$D$2:$D$246,L38)&"","") | D38: =IF(M38="I",INDEX('マスタ'!$M$2:$M$246,L38),"") | F38: =IF(M38="I",INDEX('マスタ'!$F$2:$F$246,L38)&"","") | I38: =IF(M38="I",IF(OR(G38="",D38=""),"",ROUND(D38*G38,0)),IF(M38="S",SUMIFS(I$24:I37,N$24:N37,N38,M$24:M37,"I"),"")) | L38: =IFERROR(MATCH(15,'マスタ'!$N$2:$N$246,0),"") | M38: =IF(L38="","",INDEX('マスタ'!$A$2:$A$246,L38)) | N38: =IF(L38="","",INDEX('マスタ'!$B$2:$B$246,L38))
A39: =IF(M39="T",INDEX('設定'!$H$23:$H$34,N39),"") | B39: =IF(OR(L39="",M39="B"),"",INDEX('マスタ'!$C$2:$C$246,L39)) | C39: =IF(M39="I",INDEX('マスタ'!$D$2:$D$246,L39)&"","") | D39: =IF(M39="I",INDEX('マスタ'!$M$2:$M$246,L39),"") | F39: =IF(M39="I",INDEX('マスタ'!$F$2:$F$246,L39)&"","") | I39: =IF(M39="I",IF(OR(G39="",D39=""),"",ROUND(D39*G39,0)),IF(M39="S",SUMIFS(I$24:I38,N$24:N38,N39,M$24:M38,"I"),"")) | L39: =IFERROR(MATCH(16,'マスタ'!$N$2:$N$246,0),"") | M39: =IF(L39="","",INDEX('マスタ'!$A$2:$A$246,L39)) | N39: =IF(L39="","",INDEX('マスタ'!$B$2:$B$246,L39))
A40: =IF(M40="T",INDEX('設定'!$H$23:$H$34,N40),"") | B40: =IF(OR(L40="",M40="B"),"",INDEX('マスタ'!$C$2:$C$246,L40)) | C40: =IF(M40="I",INDEX('マスタ'!$D$2:$D$246,L40)&"","") | D40: =IF(M40="I",INDEX('マスタ'!$M$2:$M$246,L40),"") | F40: =IF(M40="I",INDEX('マスタ'!$F$2:$F$246,L40)&"","") | I40: =IF(M40="I",IF(OR(G40="",D40=""),"",ROUND(D40*G40,0)),IF(M40="S",SUMIFS(I$24:I39,N$24:N39,N40,M$24:M39,"I"),"")) | L40: =IFERROR(MATCH(17,'マスタ'!$N$2:$N$246,0),"") | M40: =IF(L40="","",INDEX('マスタ'!$A$2:$A$246,L40)) | N40: =IF(L40="","",INDEX('マスタ'!$B$2:$B$246,L40))
A41: =IF(M41="T",INDEX('設定'!$H$23:$H$34,N41),"") | B41: =IF(OR(L41="",M41="B"),"",INDEX('マスタ'!$C$2:$C$246,L41)) | C41: =IF(M41="I",INDEX('マスタ'!$D$2:$D$246,L41)&"","") | D41: =IF(M41="I",INDEX('マスタ'!$M$2:$M$246,L41),"") | F41: =IF(M41="I",INDEX('マスタ'!$F$2:$F$246,L41)&"","") | I41: =IF(M41="I",IF(OR(G41="",D41=""),"",ROUND(D41*G41,0)),IF(M41="S",SUMIFS(I$24:I40,N$24:N40,N41,M$24:M40,"I"),"")) | L41: =IFERROR(MATCH(18,'マスタ'!$N$2:$N$246,0),"") | M41: =IF(L41="","",INDEX('マスタ'!$A$2:$A$246,L41)) | N41: =IF(L41="","",INDEX('マスタ'!$B$2:$B$246,L41))
A42: =IF(M42="T",INDEX('設定'!$H$23:$H$34,N42),"") | B42: =IF(OR(L42="",M42="B"),"",INDEX('マスタ'!$C$2:$C$246,L42)) | C42: =IF(M42="I",INDEX('マスタ'!$D$2:$D$246,L42)&"","") | D42: =IF(M42="I",INDEX('マスタ'!$M$2:$M$246,L42),"") | F42: =IF(M42="I",INDEX('マスタ'!$F$2:$F$246,L42)&"","") | I42: =IF(M42="I",IF(OR(G42="",D42=""),"",ROUND(D42*G42,0)),IF(M42="S",SUMIFS(I$24:I41,N$24:N41,N42,M$24:M41,"I"),"")) | L42: =IFERROR(MATCH(19,'マスタ'!$N$2:$N$246,0),"") | M42: =IF(L42="","",INDEX('マスタ'!$A$2:$A$246,L42)) | N42: =IF(L42="","",INDEX('マスタ'!$B$2:$B$246,L42))
A43: =IF(M43="T",INDEX('設定'!$H$23:$H$34,N43),"") | B43: =IF(OR(L43="",M43="B"),"",INDEX('マスタ'!$C$2:$C$246,L43)) | C43: =IF(M43="I",INDEX('マスタ'!$D$2:$D$246,L43)&"","") | D43: =IF(M43="I",INDEX('マスタ'!$M$2:$M$246,L43),"") | F43: =IF(M43="I",INDEX('マスタ'!$F$2:$F$246,L43)&"","") | I43: =IF(M43="I",IF(OR(G43="",D43=""),"",ROUND(D43*G43,0)),IF(M43="S",SUMIFS(I$24:I42,N$24:N42,N43,M$24:M42,"I"),"")) | L43: =IFERROR(MATCH(20,'マスタ'!$N$2:$N$246,0),"") | M43: =IF(L43="","",INDEX('マスタ'!$A$2:$A$246,L43)) | N43: =IF(L43="","",INDEX('マスタ'!$B$2:$B$246,L43))
A44: =IF(M44="T",INDEX('設定'!$H$23:$H$34,N44),"") | B44: =IF(OR(L44="",M44="B"),"",INDEX('マスタ'!$C$2:$C$246,L44)) | C44: =IF(M44="I",INDEX('マスタ'!$D$2:$D$246,L44)&"","") | D44: =IF(M44="I",INDEX('マスタ'!$M$2:$M$246,L44),"") | F44: =IF(M44="I",INDEX('マスタ'!$F$2:$F$246,L44)&"","") | I44: =IF(M44="I",IF(OR(G44="",D44=""),"",ROUND(D44*G44,0)),IF(M44="S",SUMIFS(I$24:I43,N$24:N43,N44,M$24:M43,"I"),"")) | L44: =IFERROR(MATCH(21,'マスタ'!$N$2:$N$246,0),"") | M44: =IF(L44="","",INDEX('マスタ'!$A$2:$A$246,L44)) | N44: =IF(L44="","",INDEX('マスタ'!$B$2:$B$246,L44))
A45: =IF(M45="T",INDEX('設定'!$H$23:$H$34,N45),"") | B45: =IF(OR(L45="",M45="B"),"",INDEX('マスタ'!$C$2:$C$246,L45)) | C45: =IF(M45="I",INDEX('マスタ'!$D$2:$D$246,L45)&"","") | D45: =IF(M45="I",INDEX('マスタ'!$M$2:$M$246,L45),"") | F45: =IF(M45="I",INDEX('マスタ'!$F$2:$F$246,L45)&"","") | I45: =IF(M45="I",IF(OR(G45="",D45=""),"",ROUND(D45*G45,0)),IF(M45="S",SUMIFS(I$24:I44,N$24:N44,N45,M$24:M44,"I"),"")) | L45: =IFERROR(MATCH(22,'マスタ'!$N$2:$N$246,0),"") | M45: =IF(L45="","",INDEX('マスタ'!$A$2:$A$246,L45)) | N45: =IF(L45="","",INDEX('マスタ'!$B$2:$B$246,L45))
A46: =IF(M46="T",INDEX('設定'!$H$23:$H$34,N46),"") | B46: =IF(OR(L46="",M46="B"),"",INDEX('マスタ'!$C$2:$C$246,L46)) | C46: =IF(M46="I",INDEX('マスタ'!$D$2:$D$246,L46)&"","") | D46: =IF(M46="I",INDEX('マスタ'!$M$2:$M$246,L46),"") | F46: =IF(M46="I",INDEX('マスタ'!$F$2:$F$246,L46)&"","") | I46: =IF(M46="I",IF(OR(G46="",D46=""),"",ROUND(D46*G46,0)),IF(M46="S",SUMIFS(I$24:I45,N$24:N45,N46,M$24:M45,"I"),"")) | L46: =IFERROR(MATCH(23,'マスタ'!$N$2:$N$246,0),"") | M46: =IF(L46="","",INDEX('マスタ'!$A$2:$A$246,L46)) | N46: =IF(L46="","",INDEX('マスタ'!$B$2:$B$246,L46))
A47: =IF(M47="T",INDEX('設定'!$H$23:$H$34,N47),"") | B47: =IF(OR(L47="",M47="B"),"",INDEX('マスタ'!$C$2:$C$246,L47)) | C47: =IF(M47="I",INDEX('マスタ'!$D$2:$D$246,L47)&"","") | D47: =IF(M47="I",INDEX('マスタ'!$M$2:$M$246,L47),"") | F47: =IF(M47="I",INDEX('マスタ'!$F$2:$F$246,L47)&"","") | I47: =IF(M47="I",IF(OR(G47="",D47=""),"",ROUND(D47*G47,0)),IF(M47="S",SUMIFS(I$24:I46,N$24:N46,N47,M$24:M46,"I"),"")) | L47: =IFERROR(MATCH(24,'マスタ'!$N$2:$N$246,0),"") | M47: =IF(L47="","",INDEX('マスタ'!$A$2:$A$246,L47)) | N47: =IF(L47="","",INDEX('マスタ'!$B$2:$B$246,L47))
A48: =IF(M48="T",INDEX('設定'!$H$23:$H$34,N48),"") | B48: =IF(OR(L48="",M48="B"),"",INDEX('マスタ'!$C$2:$C$246,L48)) | C48: =IF(M48="I",INDEX('マスタ'!$D$2:$D$246,L48)&"","") | D48: =IF(M48="I",INDEX('マスタ'!$M$2:$M$246,L48),"") | F48: =IF(M48="I",INDEX('マスタ'!$F$2:$F$246,L48)&"","") | I48: =IF(M48="I",IF(OR(G48="",D48=""),"",ROUND(D48*G48,0)),IF(M48="S",SUMIFS(I$24:I47,N$24:N47,N48,M$24:M47,"I"),"")) | L48: =IFERROR(MATCH(25,'マスタ'!$N$2:$N$246,0),"") | M48: =IF(L48="","",INDEX('マスタ'!$A$2:$A$246,L48)) | N48: =IF(L48="","",INDEX('マスタ'!$B$2:$B$246,L48))
A49: =IF(M49="T",INDEX('設定'!$H$23:$H$34,N49),"") | B49: =IF(OR(L49="",M49="B"),"",INDEX('マスタ'!$C$2:$C$246,L49)) | C49: =IF(M49="I",INDEX('マスタ'!$D$2:$D$246,L49)&"","") | D49: =IF(M49="I",INDEX('マスタ'!$M$2:$M$246,L49),"") | F49: =IF(M49="I",INDEX('マスタ'!$F$2:$F$246,L49)&"","") | I49: =IF(M49="I",IF(OR(G49="",D49=""),"",ROUND(D49*G49,0)),IF(M49="S",SUMIFS(I$24:I48,N$24:N48,N49,M$24:M48,"I"),"")) | L49: =IFERROR(MATCH(26,'マスタ'!$N$2:$N$246,0),"") | M49: =IF(L49="","",INDEX('マスタ'!$A$2:$A$246,L49)) | N49: =IF(L49="","",INDEX('マスタ'!$B$2:$B$246,L49))
A50: =IF(M50="T",INDEX('設定'!$H$23:$H$34,N50),"") | B50: =IF(OR(L50="",M50="B"),"",INDEX('マスタ'!$C$2:$C$246,L50)) | C50: =IF(M50="I",INDEX('マスタ'!$D$2:$D$246,L50)&"","") | D50: =IF(M50="I",INDEX('マスタ'!$M$2:$M$246,L50),"") | F50: =IF(M50="I",INDEX('マスタ'!$F$2:$F$246,L50)&"","") | I50: =IF(M50="I",IF(OR(G50="",D50=""),"",ROUND(D50*G50,0)),IF(M50="S",SUMIFS(I$24:I49,N$24:N49,N50,M$24:M49,"I"),"")) | L50: =IFERROR(MATCH(27,'マスタ'!$N$2:$N$246,0),"") | M50: =IF(L50="","",INDEX('マスタ'!$A$2:$A$246,L50)) | N50: =IF(L50="","",INDEX('マスタ'!$B$2:$B$246,L50))
A51: =IF(M51="T",INDEX('設定'!$H$23:$H$34,N51),"") | B51: =IF(OR(L51="",M51="B"),"",INDEX('マスタ'!$C$2:$C$246,L51)) | C51: =IF(M51="I",INDEX('マスタ'!$D$2:$D$246,L51)&"","") | D51: =IF(M51="I",INDEX('マスタ'!$M$2:$M$246,L51),"") | F51: =IF(M51="I",INDEX('マスタ'!$F$2:$F$246,L51)&"","") | I51: =IF(M51="I",IF(OR(G51="",D51=""),"",ROUND(D51*G51,0)),IF(M51="S",SUMIFS(I$24:I50,N$24:N50,N51,M$24:M50,"I"),"")) | L51: =IFERROR(MATCH(28,'マスタ'!$N$2:$N$246,0),"") | M51: =IF(L51="","",INDEX('マスタ'!$A$2:$A$246,L51)) | N51: =IF(L51="","",INDEX('マスタ'!$B$2:$B$246,L51))
A52: =IF(M52="T",INDEX('設定'!$H$23:$H$34,N52),"") | B52: =IF(OR(L52="",M52="B"),"",INDEX('マスタ'!$C$2:$C$246,L52)) | C52: =IF(M52="I",INDEX('マスタ'!$D$2:$D$246,L52)&"","") | D52: =IF(M52="I",INDEX('マスタ'!$M$2:$M$246,L52),"") | F52: =IF(M52="I",INDEX('マスタ'!$F$2:$F$246,L52)&"","") | I52: =IF(M52="I",IF(OR(G52="",D52=""),"",ROUND(D52*G52,0)),IF(M52="S",SUMIFS(I$24:I51,N$24:N51,N52,M$24:M51,"I"),"")) | L52: =IFERROR(MATCH(29,'マスタ'!$N$2:$N$246,0),"") | M52: =IF(L52="","",INDEX('マスタ'!$A$2:$A$246,L52)) | N52: =IF(L52="","",INDEX('マスタ'!$B$2:$B$246,L52))
A53: =IF(M53="T",INDEX('設定'!$H$23:$H$34,N53),"") | B53: =IF(OR(L53="",M53="B"),"",INDEX('マスタ'!$C$2:$C$246,L53)) | C53: =IF(M53="I",INDEX('マスタ'!$D$2:$D$246,L53)&"","") | D53: =IF(M53="I",INDEX('マスタ'!$M$2:$M$246,L53),"") | F53: =IF(M53="I",INDEX('マスタ'!$F$2:$F$246,L53)&"","") | I53: =IF(M53="I",IF(OR(G53="",D53=""),"",ROUND(D53*G53,0)),IF(M53="S",SUMIFS(I$24:I52,N$24:N52,N53,M$24:M52,"I"),"")) | L53: =IFERROR(MATCH(30,'マスタ'!$N$2:$N$246,0),"") | M53: =IF(L53="","",INDEX('マスタ'!$A$2:$A$246,L53)) | N53: =IF(L53="","",INDEX('マスタ'!$B$2:$B$246,L53))
A54: =IF(M54="T",INDEX('設定'!$H$23:$H$34,N54),"") | B54: =IF(OR(L54="",M54="B"),"",INDEX('マスタ'!$C$2:$C$246,L54)) | C54: =IF(M54="I",INDEX('マスタ'!$D$2:$D$246,L54)&"","") | D54: =IF(M54="I",INDEX('マスタ'!$M$2:$M$246,L54),"") | F54: =IF(M54="I",INDEX('マスタ'!$F$2:$F$246,L54)&"","") | I54: =IF(M54="I",IF(OR(G54="",D54=""),"",ROUND(D54*G54,0)),IF(M54="S",SUMIFS(I$24:I53,N$24:N53,N54,M$24:M53,"I"),"")) | L54: =IFERROR(MATCH(31,'マスタ'!$N$2:$N$246,0),"") | M54: =IF(L54="","",INDEX('マスタ'!$A$2:$A$246,L54)) | N54: =IF(L54="","",INDEX('マスタ'!$B$2:$B$246,L54))
A55: =IF(M55="T",INDEX('設定'!$H$23:$H$34,N55),"") | B55: =IF(OR(L55="",M55="B"),"",INDEX('マスタ'!$C$2:$C$246,L55)) | C55: =IF(M55="I",INDEX('マスタ'!$D$2:$D$246,L55)&"","") | D55: =IF(M55="I",INDEX('マスタ'!$M$2:$M$246,L55),"") | F55: =IF(M55="I",INDEX('マスタ'!$F$2:$F$246,L55)&"","") | I55: =IF(M55="I",IF(OR(G55="",D55=""),"",ROUND(D55*G55,0)),IF(M55="S",SUMIFS(I$24:I54,N$24:N54,N55,M$24:M54,"I"),"")) | L55: =IFERROR(MATCH(32,'マスタ'!$N$2:$N$246,0),"") | M55: =IF(L55="","",INDEX('マスタ'!$A$2:$A$246,L55)) | N55: =IF(L55="","",INDEX('マスタ'!$B$2:$B$246,L55))
A56: =IF(M56="T",INDEX('設定'!$H$23:$H$34,N56),"") | B56: =IF(OR(L56="",M56="B"),"",INDEX('マスタ'!$C$2:$C$246,L56)) | C56: =IF(M56="I",INDEX('マスタ'!$D$2:$D$246,L56)&"","") | D56: =IF(M56="I",INDEX('マスタ'!$M$2:$M$246,L56),"") | F56: =IF(M56="I",INDEX('マスタ'!$F$2:$F$246,L56)&"","") | I56: =IF(M56="I",IF(OR(G56="",D56=""),"",ROUND(D56*G56,0)),IF(M56="S",SUMIFS(I$24:I55,N$24:N55,N56,M$24:M55,"I"),"")) | L56: =IFERROR(MATCH(33,'マスタ'!$N$2:$N$246,0),"") | M56: =IF(L56="","",INDEX('マスタ'!$A$2:$A$246,L56)) | N56: =IF(L56="","",INDEX('マスタ'!$B$2:$B$246,L56))
A57: =IF(M57="T",INDEX('設定'!$H$23:$H$34,N57),"") | B57: =IF(OR(L57="",M57="B"),"",INDEX('マスタ'!$C$2:$C$246,L57)) | C57: =IF(M57="I",INDEX('マスタ'!$D$2:$D$246,L57)&"","") | D57: =IF(M57="I",INDEX('マスタ'!$M$2:$M$246,L57),"") | F57: =IF(M57="I",INDEX('マスタ'!$F$2:$F$246,L57)&"","") | I57: =IF(M57="I",IF(OR(G57="",D57=""),"",ROUND(D57*G57,0)),IF(M57="S",SUMIFS(I$24:I56,N$24:N56,N57,M$24:M56,"I"),"")) | L57: =IFERROR(MATCH(34,'マスタ'!$N$2:$N$246,0),"") | M57: =IF(L57="","",INDEX('マスタ'!$A$2:$A$246,L57)) | N57: =IF(L57="","",INDEX('マスタ'!$B$2:$B$246,L57))
A58: =IF(M58="T",INDEX('設定'!$H$23:$H$34,N58),"") | B58: =IF(OR(L58="",M58="B"),"",INDEX('マスタ'!$C$2:$C$246,L58)) | C58: =IF(M58="I",INDEX('マスタ'!$D$2:$D$246,L58)&"","") | D58: =IF(M58="I",INDEX('マスタ'!$M$2:$M$246,L58),"") | F58: =IF(M58="I",INDEX('マスタ'!$F$2:$F$246,L58)&"","") | I58: =IF(M58="I",IF(OR(G58="",D58=""),"",ROUND(D58*G58,0)),IF(M58="S",SUMIFS(I$24:I57,N$24:N57,N58,M$24:M57,"I"),"")) | L58: =IFERROR(MATCH(35,'マスタ'!$N$2:$N$246,0),"") | M58: =IF(L58="","",INDEX('マスタ'!$A$2:$A$246,L58)) | N58: =IF(L58="","",INDEX('マスタ'!$B$2:$B$246,L58))
A59: =IF(M59="T",INDEX('設定'!$H$23:$H$34,N59),"") | B59: =IF(OR(L59="",M59="B"),"",INDEX('マスタ'!$C$2:$C$246,L59)) | C59: =IF(M59="I",INDEX('マスタ'!$D$2:$D$246,L59)&"","") | D59: =IF(M59="I",INDEX('マスタ'!$M$2:$M$246,L59),"") | F59: =IF(M59="I",INDEX('マスタ'!$F$2:$F$246,L59)&"","") | I59: =IF(M59="I",IF(OR(G59="",D59=""),"",ROUND(D59*G59,0)),IF(M59="S",SUMIFS(I$24:I58,N$24:N58,N59,M$24:M58,"I"),"")) | L59: =IFERROR(MATCH(36,'マスタ'!$N$2:$N$246,0),"") | M59: =IF(L59="","",INDEX('マスタ'!$A$2:$A$246,L59)) | N59: =IF(L59="","",INDEX('マスタ'!$B$2:$B$246,L59))
A60: =IF(M60="T",INDEX('設定'!$H$23:$H$34,N60),"") | B60: =IF(OR(L60="",M60="B"),"",INDEX('マスタ'!$C$2:$C$246,L60)) | C60: =IF(M60="I",INDEX('マスタ'!$D$2:$D$246,L60)&"","") | D60: =IF(M60="I",INDEX('マスタ'!$M$2:$M$246,L60),"") | F60: =IF(M60="I",INDEX('マスタ'!$F$2:$F$246,L60)&"","") | I60: =IF(M60="I",IF(OR(G60="",D60=""),"",ROUND(D60*G60,0)),IF(M60="S",SUMIFS(I$24:I59,N$24:N59,N60,M$24:M59,"I"),"")) | L60: =IFERROR(MATCH(37,'マスタ'!$N$2:$N$246,0),"") | M60: =IF(L60="","",INDEX('マスタ'!$A$2:$A$246,L60)) | N60: =IF(L60="","",INDEX('マスタ'!$B$2:$B$246,L60))
A61: =IF(M61="T",INDEX('設定'!$H$23:$H$34,N61),"") | B61: =IF(OR(L61="",M61="B"),"",INDEX('マスタ'!$C$2:$C$246,L61)) | C61: =IF(M61="I",INDEX('マスタ'!$D$2:$D$246,L61)&"","") | D61: =IF(M61="I",INDEX('マスタ'!$M$2:$M$246,L61),"") | F61: =IF(M61="I",INDEX('マスタ'!$F$2:$F$246,L61)&"","") | I61: =IF(M61="I",IF(OR(G61="",D61=""),"",ROUND(D61*G61,0)),IF(M61="S",SUMIFS(I$24:I60,N$24:N60,N61,M$24:M60,"I"),"")) | L61: =IFERROR(MATCH(38,'マスタ'!$N$2:$N$246,0),"") | M61: =IF(L61="","",INDEX('マスタ'!$A$2:$A$246,L61)) | N61: =IF(L61="","",INDEX('マスタ'!$B$2:$B$246,L61))
A62: =IF(M62="T",INDEX('設定'!$H$23:$H$34,N62),"") | B62: =IF(OR(L62="",M62="B"),"",INDEX('マスタ'!$C$2:$C$246,L62)) | C62: =IF(M62="I",INDEX('マスタ'!$D$2:$D$246,L62)&"","") | D62: =IF(M62="I",INDEX('マスタ'!$M$2:$M$246,L62),"") | F62: =IF(M62="I",INDEX('マスタ'!$F$2:$F$246,L62)&"","") | I62: =IF(M62="I",IF(OR(G62="",D62=""),"",ROUND(D62*G62,0)),IF(M62="S",SUMIFS(I$24:I61,N$24:N61,N62,M$24:M61,"I"),"")) | L62: =IFERROR(MATCH(39,'マスタ'!$N$2:$N$246,0),"") | M62: =IF(L62="","",INDEX('マスタ'!$A$2:$A$246,L62)) | N62: =IF(L62="","",INDEX('マスタ'!$B$2:$B$246,L62))
A63: =IF(M63="T",INDEX('設定'!$H$23:$H$34,N63),"") | B63: =IF(OR(L63="",M63="B"),"",INDEX('マスタ'!$C$2:$C$246,L63)) | C63: =IF(M63="I",INDEX('マスタ'!$D$2:$D$246,L63)&"","") | D63: =IF(M63="I",INDEX('マスタ'!$M$2:$M$246,L63),"") | F63: =IF(M63="I",INDEX('マスタ'!$F$2:$F$246,L63)&"","") | I63: =IF(M63="I",IF(OR(G63="",D63=""),"",ROUND(D63*G63,0)),IF(M63="S",SUMIFS(I$24:I62,N$24:N62,N63,M$24:M62,"I"),"")) | L63: =IFERROR(MATCH(40,'マスタ'!$N$2:$N$246,0),"") | M63: =IF(L63="","",INDEX('マスタ'!$A$2:$A$246,L63)) | N63: =IF(L63="","",INDEX('マスタ'!$B$2:$B$246,L63))
A64: =IF(M64="T",INDEX('設定'!$H$23:$H$34,N64),"") | B64: =IF(OR(L64="",M64="B"),"",INDEX('マスタ'!$C$2:$C$246,L64)) | C64: =IF(M64="I",INDEX('マスタ'!$D$2:$D$246,L64)&"","") | D64: =IF(M64="I",INDEX('マスタ'!$M$2:$M$246,L64),"") | F64: =IF(M64="I",INDEX('マスタ'!$F$2:$F$246,L64)&"","") | I64: =IF(M64="I",IF(OR(G64="",D64=""),"",ROUND(D64*G64,0)),IF(M64="S",SUMIFS(I$24:I63,N$24:N63,N64,M$24:M63,"I"),"")) | L64: =IFERROR(MATCH(41,'マスタ'!$N$2:$N$246,0),"") | M64: =IF(L64="","",INDEX('マスタ'!$A$2:$A$246,L64)) | N64: =IF(L64="","",INDEX('マスタ'!$B$2:$B$246,L64))
A65: =IF(M65="T",INDEX('設定'!$H$23:$H$34,N65),"") | B65: =IF(OR(L65="",M65="B"),"",INDEX('マスタ'!$C$2:$C$246,L65)) | C65: =IF(M65="I",INDEX('マスタ'!$D$2:$D$246,L65)&"","") | D65: =IF(M65="I",INDEX('マスタ'!$M$2:$M$246,L65),"") | F65: =IF(M65="I",INDEX('マスタ'!$F$2:$F$246,L65)&"","") | I65: =IF(M65="I",IF(OR(G65="",D65=""),"",ROUND(D65*G65,0)),IF(M65="S",SUMIFS(I$24:I64,N$24:N64,N65,M$24:M64,"I"),"")) | L65: =IFERROR(MATCH(42,'マスタ'!$N$2:$N$246,0),"") | M65: =IF(L65="","",INDEX('マスタ'!$A$2:$A$246,L65)) | N65: =IF(L65="","",INDEX('マスタ'!$B$2:$B$246,L65))
A66: =IF(M66="T",INDEX('設定'!$H$23:$H$34,N66),"") | B66: =IF(OR(L66="",M66="B"),"",INDEX('マスタ'!$C$2:$C$246,L66)) | C66: =IF(M66="I",INDEX('マスタ'!$D$2:$D$246,L66)&"","") | D66: =IF(M66="I",INDEX('マスタ'!$M$2:$M$246,L66),"") | F66: =IF(M66="I",INDEX('マスタ'!$F$2:$F$246,L66)&"","") | I66: =IF(M66="I",IF(OR(G66="",D66=""),"",ROUND(D66*G66,0)),IF(M66="S",SUMIFS(I$24:I65,N$24:N65,N66,M$24:M65,"I"),"")) | L66: =IFERROR(MATCH(43,'マスタ'!$N$2:$N$246,0),"") | M66: =IF(L66="","",INDEX('マスタ'!$A$2:$A$246,L66)) | N66: =IF(L66="","",INDEX('マスタ'!$B$2:$B$246,L66))
A67: =IF(M67="T",INDEX('設定'!$H$23:$H$34,N67),"") | B67: =IF(OR(L67="",M67="B"),"",INDEX('マスタ'!$C$2:$C$246,L67)) | C67: =IF(M67="I",INDEX('マスタ'!$D$2:$D$246,L67)&"","") | D67: =IF(M67="I",INDEX('マスタ'!$M$2:$M$246,L67),"") | F67: =IF(M67="I",INDEX('マスタ'!$F$2:$F$246,L67)&"","") | I67: =IF(M67="I",IF(OR(G67="",D67=""),"",ROUND(D67*G67,0)),IF(M67="S",SUMIFS(I$24:I66,N$24:N66,N67,M$24:M66,"I"),"")) | L67: =IFERROR(MATCH(44,'マスタ'!$N$2:$N$246,0),"") | M67: =IF(L67="","",INDEX('マスタ'!$A$2:$A$246,L67)) | N67: =IF(L67="","",INDEX('マスタ'!$B$2:$B$246,L67))
A68: =IF(M68="T",INDEX('設定'!$H$23:$H$34,N68),"") | B68: =IF(OR(L68="",M68="B"),"",INDEX('マスタ'!$C$2:$C$246,L68)) | C68: =IF(M68="I",INDEX('マスタ'!$D$2:$D$246,L68)&"","") | D68: =IF(M68="I",INDEX('マスタ'!$M$2:$M$246,L68),"") | F68: =IF(M68="I",INDEX('マスタ'!$F$2:$F$246,L68)&"","") | I68: =IF(M68="I",IF(OR(G68="",D68=""),"",ROUND(D68*G68,0)),IF(M68="S",SUMIFS(I$24:I67,N$24:N67,N68,M$24:M67,"I"),"")) | L68: =IFERROR(MATCH(45,'マスタ'!$N$2:$N$246,0),"") | M68: =IF(L68="","",INDEX('マスタ'!$A$2:$A$246,L68)) | N68: =IF(L68="","",INDEX('マスタ'!$B$2:$B$246,L68))
A69: =IF(M69="T",INDEX('設定'!$H$23:$H$34,N69),"") | B69: =IF(OR(L69="",M69="B"),"",INDEX('マスタ'!$C$2:$C$246,L69)) | C69: =IF(M69="I",INDEX('マスタ'!$D$2:$D$246,L69)&"","") | D69: =IF(M69="I",INDEX('マスタ'!$M$2:$M$246,L69),"") | F69: =IF(M69="I",INDEX('マスタ'!$F$2:$F$246,L69)&"","") | I69: =IF(M69="I",IF(OR(G69="",D69=""),"",ROUND(D69*G69,0)),IF(M69="S",SUMIFS(I$24:I68,N$24:N68,N69,M$24:M68,"I"),"")) | L69: =IFERROR(MATCH(46,'マスタ'!$N$2:$N$246,0),"") | M69: =IF(L69="","",INDEX('マスタ'!$A$2:$A$246,L69)) | N69: =IF(L69="","",INDEX('マスタ'!$B$2:$B$246,L69))
A70: =IF(M70="T",INDEX('設定'!$H$23:$H$34,N70),"") | B70: =IF(OR(L70="",M70="B"),"",INDEX('マスタ'!$C$2:$C$246,L70)) | C70: =IF(M70="I",INDEX('マスタ'!$D$2:$D$246,L70)&"","") | D70: =IF(M70="I",INDEX('マスタ'!$M$2:$M$246,L70),"") | F70: =IF(M70="I",INDEX('マスタ'!$F$2:$F$246,L70)&"","") | I70: =IF(M70="I",IF(OR(G70="",D70=""),"",ROUND(D70*G70,0)),IF(M70="S",SUMIFS(I$24:I69,N$24:N69,N70,M$24:M69,"I"),"")) | L70: =IFERROR(MATCH(47,'マスタ'!$N$2:$N$246,0),"") | M70: =IF(L70="","",INDEX('マスタ'!$A$2:$A$246,L70)) | N70: =IF(L70="","",INDEX('マスタ'!$B$2:$B$246,L70))
A71: =IF(M71="T",INDEX('設定'!$H$23:$H$34,N71),"") | B71: =IF(OR(L71="",M71="B"),"",INDEX('マスタ'!$C$2:$C$246,L71)) | C71: =IF(M71="I",INDEX('マスタ'!$D$2:$D$246,L71)&"","") | D71: =IF(M71="I",INDEX('マスタ'!$M$2:$M$246,L71),"") | F71: =IF(M71="I",INDEX('マスタ'!$F$2:$F$246,L71)&"","") | I71: =IF(M71="I",IF(OR(G71="",D71=""),"",ROUND(D71*G71,0)),IF(M71="S",SUMIFS(I$24:I70,N$24:N70,N71,M$24:M70,"I"),"")) | L71: =IFERROR(MATCH(48,'マスタ'!$N$2:$N$246,0),"") | M71: =IF(L71="","",INDEX('マスタ'!$A$2:$A$246,L71)) | N71: =IF(L71="","",INDEX('マスタ'!$B$2:$B$246,L71))
A72: =IF(M72="T",INDEX('設定'!$H$23:$H$34,N72),"") | B72: =IF(OR(L72="",M72="B"),"",INDEX('マスタ'!$C$2:$C$246,L72)) | C72: =IF(M72="I",INDEX('マスタ'!$D$2:$D$246,L72)&"","") | D72: =IF(M72="I",INDEX('マスタ'!$M$2:$M$246,L72),"") | F72: =IF(M72="I",INDEX('マスタ'!$F$2:$F$246,L72)&"","") | I72: =IF(M72="I",IF(OR(G72="",D72=""),"",ROUND(D72*G72,0)),IF(M72="S",SUMIFS(I$24:I71,N$24:N71,N72,M$24:M71,"I"),"")) | L72: =IFERROR(MATCH(49,'マスタ'!$N$2:$N$246,0),"") | M72: =IF(L72="","",INDEX('マスタ'!$A$2:$A$246,L72)) | N72: =IF(L72="","",INDEX('マスタ'!$B$2:$B$246,L72))
A73: =IF(M73="T",INDEX('設定'!$H$23:$H$34,N73),"") | B73: =IF(OR(L73="",M73="B"),"",INDEX('マスタ'!$C$2:$C$246,L73)) | C73: =IF(M73="I",INDEX('マスタ'!$D$2:$D$246,L73)&"","") | D73: =IF(M73="I",INDEX('マスタ'!$M$2:$M$246,L73),"") | F73: =IF(M73="I",INDEX('マスタ'!$F$2:$F$246,L73)&"","") | I73: =IF(M73="I",IF(OR(G73="",D73=""),"",ROUND(D73*G73,0)),IF(M73="S",SUMIFS(I$24:I72,N$24:N72,N73,M$24:M72,"I"),"")) | L73: =IFERROR(MATCH(50,'マスタ'!$N$2:$N$246,0),"") | M73: =IF(L73="","",INDEX('マスタ'!$A$2:$A$246,L73)) | N73: =IF(L73="","",INDEX('マスタ'!$B$2:$B$246,L73))
A74: =IF(M74="T",INDEX('設定'!$H$23:$H$34,N74),"") | B74: =IF(OR(L74="",M74="B"),"",INDEX('マスタ'!$C$2:$C$246,L74)) | C74: =IF(M74="I",INDEX('マスタ'!$D$2:$D$246,L74)&"","") | D74: =IF(M74="I",INDEX('マスタ'!$M$2:$M$246,L74),"") | F74: =IF(M74="I",INDEX('マスタ'!$F$2:$F$246,L74)&"","") | I74: =IF(M74="I",IF(OR(G74="",D74=""),"",ROUND(D74*G74,0)),IF(M74="S",SUMIFS(I$24:I73,N$24:N73,N74,M$24:M73,"I"),"")) | L74: =IFERROR(MATCH(51,'マスタ'!$N$2:$N$246,0),"") | M74: =IF(L74="","",INDEX('マスタ'!$A$2:$A$246,L74)) | N74: =IF(L74="","",INDEX('マスタ'!$B$2:$B$246,L74))
A75: =IF(M75="T",INDEX('設定'!$H$23:$H$34,N75),"") | B75: =IF(OR(L75="",M75="B"),"",INDEX('マスタ'!$C$2:$C$246,L75)) | C75: =IF(M75="I",INDEX('マスタ'!$D$2:$D$246,L75)&"","") | D75: =IF(M75="I",INDEX('マスタ'!$M$2:$M$246,L75),"") | F75: =IF(M75="I",INDEX('マスタ'!$F$2:$F$246,L75)&"","") | I75: =IF(M75="I",IF(OR(G75="",D75=""),"",ROUND(D75*G75,0)),IF(M75="S",SUMIFS(I$24:I74,N$24:N74,N75,M$24:M74,"I"),"")) | L75: =IFERROR(MATCH(52,'マスタ'!$N$2:$N$246,0),"") | M75: =IF(L75="","",INDEX('マスタ'!$A$2:$A$246,L75)) | N75: =IF(L75="","",INDEX('マスタ'!$B$2:$B$246,L75))
A76: =IF(M76="T",INDEX('設定'!$H$23:$H$34,N76),"") | B76: =IF(OR(L76="",M76="B"),"",INDEX('マスタ'!$C$2:$C$246,L76)) | C76: =IF(M76="I",INDEX('マスタ'!$D$2:$D$246,L76)&"","") | D76: =IF(M76="I",INDEX('マスタ'!$M$2:$M$246,L76),"") | F76: =IF(M76="I",INDEX('マスタ'!$F$2:$F$246,L76)&"","") | I76: =IF(M76="I",IF(OR(G76="",D76=""),"",ROUND(D76*G76,0)),IF(M76="S",SUMIFS(I$24:I75,N$24:N75,N76,M$24:M75,"I"),"")) | L76: =IFERROR(MATCH(53,'マスタ'!$N$2:$N$246,0),"") | M76: =IF(L76="","",INDEX('マスタ'!$A$2:$A$246,L76)) | N76: =IF(L76="","",INDEX('マスタ'!$B$2:$B$246,L76))
A77: =IF(M77="T",INDEX('設定'!$H$23:$H$34,N77),"") | B77: =IF(OR(L77="",M77="B"),"",INDEX('マスタ'!$C$2:$C$246,L77)) | C77: =IF(M77="I",INDEX('マスタ'!$D$2:$D$246,L77)&"","") | D77: =IF(M77="I",INDEX('マスタ'!$M$2:$M$246,L77),"") | F77: =IF(M77="I",INDEX('マスタ'!$F$2:$F$246,L77)&"","") | I77: =IF(M77="I",IF(OR(G77="",D77=""),"",ROUND(D77*G77,0)),IF(M77="S",SUMIFS(I$24:I76,N$24:N76,N77,M$24:M76,"I"),"")) | L77: =IFERROR(MATCH(54,'マスタ'!$N$2:$N$246,0),"") | M77: =IF(L77="","",INDEX('マスタ'!$A$2:$A$246,L77)) | N77: =IF(L77="","",INDEX('マスタ'!$B$2:$B$246,L77))
A78: =IF(M78="T",INDEX('設定'!$H$23:$H$34,N78),"") | B78: =IF(OR(L78="",M78="B"),"",INDEX('マスタ'!$C$2:$C$246,L78)) | C78: =IF(M78="I",INDEX('マスタ'!$D$2:$D$246,L78)&"","") | D78: =IF(M78="I",INDEX('マスタ'!$M$2:$M$246,L78),"") | F78: =IF(M78="I",INDEX('マスタ'!$F$2:$F$246,L78)&"","") | I78: =IF(M78="I",IF(OR(G78="",D78=""),"",ROUND(D78*G78,0)),IF(M78="S",SUMIFS(I$24:I77,N$24:N77,N78,M$24:M77,"I"),"")) | L78: =IFERROR(MATCH(55,'マスタ'!$N$2:$N$246,0),"") | M78: =IF(L78="","",INDEX('マスタ'!$A$2:$A$246,L78)) | N78: =IF(L78="","",INDEX('マスタ'!$B$2:$B$246,L78))
A79: =IF(M79="T",INDEX('設定'!$H$23:$H$34,N79),"") | B79: =IF(OR(L79="",M79="B"),"",INDEX('マスタ'!$C$2:$C$246,L79)) | C79: =IF(M79="I",INDEX('マスタ'!$D$2:$D$246,L79)&"","") | D79: =IF(M79="I",INDEX('マスタ'!$M$2:$M$246,L79),"") | F79: =IF(M79="I",INDEX('マスタ'!$F$2:$F$246,L79)&"","") | I79: =IF(M79="I",IF(OR(G79="",D79=""),"",ROUND(D79*G79,0)),IF(M79="S",SUMIFS(I$24:I78,N$24:N78,N79,M$24:M78,"I"),"")) | L79: =IFERROR(MATCH(56,'マスタ'!$N$2:$N$246,0),"") | M79: =IF(L79="","",INDEX('マスタ'!$A$2:$A$246,L79)) | N79: =IF(L79="","",INDEX('マスタ'!$B$2:$B$246,L79))
A80: =IF(M80="T",INDEX('設定'!$H$23:$H$34,N80),"") | B80: =IF(OR(L80="",M80="B"),"",INDEX('マスタ'!$C$2:$C$246,L80)) | C80: =IF(M80="I",INDEX('マスタ'!$D$2:$D$246,L80)&"","") | D80: =IF(M80="I",INDEX('マスタ'!$M$2:$M$246,L80),"") | F80: =IF(M80="I",INDEX('マスタ'!$F$2:$F$246,L80)&"","") | I80: =IF(M80="I",IF(OR(G80="",D80=""),"",ROUND(D80*G80,0)),IF(M80="S",SUMIFS(I$24:I79,N$24:N79,N80,M$24:M79,"I"),"")) | L80: =IFERROR(MATCH(57,'マスタ'!$N$2:$N$246,0),"") | M80: =IF(L80="","",INDEX('マスタ'!$A$2:$A$246,L80)) | N80: =IF(L80="","",INDEX('マスタ'!$B$2:$B$246,L80))
A81: =IF(M81="T",INDEX('設定'!$H$23:$H$34,N81),"") | B81: =IF(OR(L81="",M81="B"),"",INDEX('マスタ'!$C$2:$C$246,L81)) | C81: =IF(M81="I",INDEX('マスタ'!$D$2:$D$246,L81)&"","") | D81: =IF(M81="I",INDEX('マスタ'!$M$2:$M$246,L81),"") | F81: =IF(M81="I",INDEX('マスタ'!$F$2:$F$246,L81)&"","") | I81: =IF(M81="I",IF(OR(G81="",D81=""),"",ROUND(D81*G81,0)),IF(M81="S",SUMIFS(I$24:I80,N$24:N80,N81,M$24:M80,"I"),"")) | L81: =IFERROR(MATCH(58,'マスタ'!$N$2:$N$246,0),"") | M81: =IF(L81="","",INDEX('マスタ'!$A$2:$A$246,L81)) | N81: =IF(L81="","",INDEX('マスタ'!$B$2:$B$246,L81))
A82: =IF(M82="T",INDEX('設定'!$H$23:$H$34,N82),"") | B82: =IF(OR(L82="",M82="B"),"",INDEX('マスタ'!$C$2:$C$246,L82)) | C82: =IF(M82="I",INDEX('マスタ'!$D$2:$D$246,L82)&"","") | D82: =IF(M82="I",INDEX('マスタ'!$M$2:$M$246,L82),"") | F82: =IF(M82="I",INDEX('マスタ'!$F$2:$F$246,L82)&"","") | I82: =IF(M82="I",IF(OR(G82="",D82=""),"",ROUND(D82*G82,0)),IF(M82="S",SUMIFS(I$24:I81,N$24:N81,N82,M$24:M81,"I"),"")) | L82: =IFERROR(MATCH(59,'マスタ'!$N$2:$N$246,0),"") | M82: =IF(L82="","",INDEX('マスタ'!$A$2:$A$246,L82)) | N82: =IF(L82="","",INDEX('マスタ'!$B$2:$B$246,L82))
A83: =IF(M83="T",INDEX('設定'!$H$23:$H$34,N83),"") | B83: =IF(OR(L83="",M83="B"),"",INDEX('マスタ'!$C$2:$C$246,L83)) | C83: =IF(M83="I",INDEX('マスタ'!$D$2:$D$246,L83)&"","") | D83: =IF(M83="I",INDEX('マスタ'!$M$2:$M$246,L83),"") | F83: =IF(M83="I",INDEX('マスタ'!$F$2:$F$246,L83)&"","") | I83: =IF(M83="I",IF(OR(G83="",D83=""),"",ROUND(D83*G83,0)),IF(M83="S",SUMIFS(I$24:I82,N$24:N82,N83,M$24:M82,"I"),"")) | L83: =IFERROR(MATCH(60,'マスタ'!$N$2:$N$246,0),"") | M83: =IF(L83="","",INDEX('マスタ'!$A$2:$A$246,L83)) | N83: =IF(L83="","",INDEX('マスタ'!$B$2:$B$246,L83))
A84: =IF(M84="T",INDEX('設定'!$H$23:$H$34,N84),"") | B84: =IF(OR(L84="",M84="B"),"",INDEX('マスタ'!$C$2:$C$246,L84)) | C84: =IF(M84="I",INDEX('マスタ'!$D$2:$D$246,L84)&"","") | D84: =IF(M84="I",INDEX('マスタ'!$M$2:$M$246,L84),"") | F84: =IF(M84="I",INDEX('マスタ'!$F$2:$F$246,L84)&"","") | I84: =IF(M84="I",IF(OR(G84="",D84=""),"",ROUND(D84*G84,0)),IF(M84="S",SUMIFS(I$24:I83,N$24:N83,N84,M$24:M83,"I"),"")) | L84: =IFERROR(MATCH(61,'マスタ'!$N$2:$N$246,0),"") | M84: =IF(L84="","",INDEX('マスタ'!$A$2:$A$246,L84)) | N84: =IF(L84="","",INDEX('マスタ'!$B$2:$B$246,L84))
A85: =IF(M85="T",INDEX('設定'!$H$23:$H$34,N85),"") | B85: =IF(OR(L85="",M85="B"),"",INDEX('マスタ'!$C$2:$C$246,L85)) | C85: =IF(M85="I",INDEX('マスタ'!$D$2:$D$246,L85)&"","") | D85: =IF(M85="I",INDEX('マスタ'!$M$2:$M$246,L85),"") | F85: =IF(M85="I",INDEX('マスタ'!$F$2:$F$246,L85)&"","") | I85: =IF(M85="I",IF(OR(G85="",D85=""),"",ROUND(D85*G85,0)),IF(M85="S",SUMIFS(I$24:I84,N$24:N84,N85,M$24:M84,"I"),"")) | L85: =IFERROR(MATCH(62,'マスタ'!$N$2:$N$246,0),"") | M85: =IF(L85="","",INDEX('マスタ'!$A$2:$A$246,L85)) | N85: =IF(L85="","",INDEX('マスタ'!$B$2:$B$246,L85))
A86: =IF(M86="T",INDEX('設定'!$H$23:$H$34,N86),"") | B86: =IF(OR(L86="",M86="B"),"",INDEX('マスタ'!$C$2:$C$246,L86)) | C86: =IF(M86="I",INDEX('マスタ'!$D$2:$D$246,L86)&"","") | D86: =IF(M86="I",INDEX('マスタ'!$M$2:$M$246,L86),"") | F86: =IF(M86="I",INDEX('マスタ'!$F$2:$F$246,L86)&"","") | I86: =IF(M86="I",IF(OR(G86="",D86=""),"",ROUND(D86*G86,0)),IF(M86="S",SUMIFS(I$24:I85,N$24:N85,N86,M$24:M85,"I"),"")) | L86: =IFERROR(MATCH(63,'マスタ'!$N$2:$N$246,0),"") | M86: =IF(L86="","",INDEX('マスタ'!$A$2:$A$246,L86)) | N86: =IF(L86="","",INDEX('マスタ'!$B$2:$B$246,L86))
A87: =IF(M87="T",INDEX('設定'!$H$23:$H$34,N87),"") | B87: =IF(OR(L87="",M87="B"),"",INDEX('マスタ'!$C$2:$C$246,L87)) | C87: =IF(M87="I",INDEX('マスタ'!$D$2:$D$246,L87)&"","") | D87: =IF(M87="I",INDEX('マスタ'!$M$2:$M$246,L87),"") | F87: =IF(M87="I",INDEX('マスタ'!$F$2:$F$246,L87)&"","") | I87: =IF(M87="I",IF(OR(G87="",D87=""),"",ROUND(D87*G87,0)),IF(M87="S",SUMIFS(I$24:I86,N$24:N86,N87,M$24:M86,"I"),"")) | L87: =IFERROR(MATCH(64,'マスタ'!$N$2:$N$246,0),"") | M87: =IF(L87="","",INDEX('マスタ'!$A$2:$A$246,L87)) | N87: =IF(L87="","",INDEX('マスタ'!$B$2:$B$246,L87))
A88: =IF(M88="T",INDEX('設定'!$H$23:$H$34,N88),"") | B88: =IF(OR(L88="",M88="B"),"",INDEX('マスタ'!$C$2:$C$246,L88)) | C88: =IF(M88="I",INDEX('マスタ'!$D$2:$D$246,L88)&"","") | D88: =IF(M88="I",INDEX('マスタ'!$M$2:$M$246,L88),"") | F88: =IF(M88="I",INDEX('マスタ'!$F$2:$F$246,L88)&"","") | I88: =IF(M88="I",IF(OR(G88="",D88=""),"",ROUND(D88*G88,0)),IF(M88="S",SUMIFS(I$24:I87,N$24:N87,N88,M$24:M87,"I"),"")) | L88: =IFERROR(MATCH(65,'マスタ'!$N$2:$N$246,0),"") | M88: =IF(L88="","",INDEX('マスタ'!$A$2:$A$246,L88)) | N88: =IF(L88="","",INDEX('マスタ'!$B$2:$B$246,L88))
A89: =IF(M89="T",INDEX('設定'!$H$23:$H$34,N89),"") | B89: =IF(OR(L89="",M89="B"),"",INDEX('マスタ'!$C$2:$C$246,L89)) | C89: =IF(M89="I",INDEX('マスタ'!$D$2:$D$246,L89)&"","") | D89: =IF(M89="I",INDEX('マスタ'!$M$2:$M$246,L89),"") | F89: =IF(M89="I",INDEX('マスタ'!$F$2:$F$246,L89)&"","") | I89: =IF(M89="I",IF(OR(G89="",D89=""),"",ROUND(D89*G89,0)),IF(M89="S",SUMIFS(I$24:I88,N$24:N88,N89,M$24:M88,"I"),"")) | L89: =IFERROR(MATCH(66,'マスタ'!$N$2:$N$246,0),"") | M89: =IF(L89="","",INDEX('マスタ'!$A$2:$A$246,L89)) | N89: =IF(L89="","",INDEX('マスタ'!$B$2:$B$246,L89))
A90: =IF(M90="T",INDEX('設定'!$H$23:$H$34,N90),"") | B90: =IF(OR(L90="",M90="B"),"",INDEX('マスタ'!$C$2:$C$246,L90)) | C90: =IF(M90="I",INDEX('マスタ'!$D$2:$D$246,L90)&"","") | D90: =IF(M90="I",INDEX('マスタ'!$M$2:$M$246,L90),"") | F90: =IF(M90="I",INDEX('マスタ'!$F$2:$F$246,L90)&"","") | I90: =IF(M90="I",IF(OR(G90="",D90=""),"",ROUND(D90*G90,0)),IF(M90="S",SUMIFS(I$24:I89,N$24:N89,N90,M$24:M89,"I"),"")) | L90: =IFERROR(MATCH(67,'マスタ'!$N$2:$N$246,0),"") | M90: =IF(L90="","",INDEX('マスタ'!$A$2:$A$246,L90)) | N90: =IF(L90="","",INDEX('マスタ'!$B$2:$B$246,L90))
A91: =IF(M91="T",INDEX('設定'!$H$23:$H$34,N91),"") | B91: =IF(OR(L91="",M91="B"),"",INDEX('マスタ'!$C$2:$C$246,L91)) | C91: =IF(M91="I",INDEX('マスタ'!$D$2:$D$246,L91)&"","") | D91: =IF(M91="I",INDEX('マスタ'!$M$2:$M$246,L91),"") | F91: =IF(M91="I",INDEX('マスタ'!$F$2:$F$246,L91)&"","") | I91: =IF(M91="I",IF(OR(G91="",D91=""),"",ROUND(D91*G91,0)),IF(M91="S",SUMIFS(I$24:I90,N$24:N90,N91,M$24:M90,"I"),"")) | L91: =IFERROR(MATCH(68,'マスタ'!$N$2:$N$246,0),"") | M91: =IF(L91="","",INDEX('マスタ'!$A$2:$A$246,L91)) | N91: =IF(L91="","",INDEX('マスタ'!$B$2:$B$246,L91))
A92: =IF(M92="T",INDEX('設定'!$H$23:$H$34,N92),"") | B92: =IF(OR(L92="",M92="B"),"",INDEX('マスタ'!$C$2:$C$246,L92)) | C92: =IF(M92="I",INDEX('マスタ'!$D$2:$D$246,L92)&"","") | D92: =IF(M92="I",INDEX('マスタ'!$M$2:$M$246,L92),"") | F92: =IF(M92="I",INDEX('マスタ'!$F$2:$F$246,L92)&"","") | I92: =IF(M92="I",IF(OR(G92="",D92=""),"",ROUND(D92*G92,0)),IF(M92="S",SUMIFS(I$24:I91,N$24:N91,N92,M$24:M91,"I"),"")) | L92: =IFERROR(MATCH(69,'マスタ'!$N$2:$N$246,0),"") | M92: =IF(L92="","",INDEX('マスタ'!$A$2:$A$246,L92)) | N92: =IF(L92="","",INDEX('マスタ'!$B$2:$B$246,L92))
A93: =IF(M93="T",INDEX('設定'!$H$23:$H$34,N93),"") | B93: =IF(OR(L93="",M93="B"),"",INDEX('マスタ'!$C$2:$C$246,L93)) | C93: =IF(M93="I",INDEX('マスタ'!$D$2:$D$246,L93)&"","") | D93: =IF(M93="I",INDEX('マスタ'!$M$2:$M$246,L93),"") | F93: =IF(M93="I",INDEX('マスタ'!$F$2:$F$246,L93)&"","") | I93: =IF(M93="I",IF(OR(G93="",D93=""),"",ROUND(D93*G93,0)),IF(M93="S",SUMIFS(I$24:I92,N$24:N92,N93,M$24:M92,"I"),"")) | L93: =IFERROR(MATCH(70,'マスタ'!$N$2:$N$246,0),"") | M93: =IF(L93="","",INDEX('マスタ'!$A$2:$A$246,L93)) | N93: =IF(L93="","",INDEX('マスタ'!$B$2:$B$246,L93))
A94: =IF(M94="T",INDEX('設定'!$H$23:$H$34,N94),"") | B94: =IF(OR(L94="",M94="B"),"",INDEX('マスタ'!$C$2:$C$246,L94)) | C94: =IF(M94="I",INDEX('マスタ'!$D$2:$D$246,L94)&"","") | D94: =IF(M94="I",INDEX('マスタ'!$M$2:$M$246,L94),"") | F94: =IF(M94="I",INDEX('マスタ'!$F$2:$F$246,L94)&"","") | I94: =IF(M94="I",IF(OR(G94="",D94=""),"",ROUND(D94*G94,0)),IF(M94="S",SUMIFS(I$24:I93,N$24:N93,N94,M$24:M93,"I"),"")) | L94: =IFERROR(MATCH(71,'マスタ'!$N$2:$N$246,0),"") | M94: =IF(L94="","",INDEX('マスタ'!$A$2:$A$246,L94)) | N94: =IF(L94="","",INDEX('マスタ'!$B$2:$B$246,L94))
A95: =IF(M95="T",INDEX('設定'!$H$23:$H$34,N95),"") | B95: =IF(OR(L95="",M95="B"),"",INDEX('マスタ'!$C$2:$C$246,L95)) | C95: =IF(M95="I",INDEX('マスタ'!$D$2:$D$246,L95)&"","") | D95: =IF(M95="I",INDEX('マスタ'!$M$2:$M$246,L95),"") | F95: =IF(M95="I",INDEX('マスタ'!$F$2:$F$246,L95)&"","") | I95: =IF(M95="I",IF(OR(G95="",D95=""),"",ROUND(D95*G95,0)),IF(M95="S",SUMIFS(I$24:I94,N$24:N94,N95,M$24:M94,"I"),"")) | L95: =IFERROR(MATCH(72,'マスタ'!$N$2:$N$246,0),"") | M95: =IF(L95="","",INDEX('マスタ'!$A$2:$A$246,L95)) | N95: =IF(L95="","",INDEX('マスタ'!$B$2:$B$246,L95))
A96: =IF(M96="T",INDEX('設定'!$H$23:$H$34,N96),"") | B96: =IF(OR(L96="",M96="B"),"",INDEX('マスタ'!$C$2:$C$246,L96)) | C96: =IF(M96="I",INDEX('マスタ'!$D$2:$D$246,L96)&"","") | D96: =IF(M96="I",INDEX('マスタ'!$M$2:$M$246,L96),"") | F96: =IF(M96="I",INDEX('マスタ'!$F$2:$F$246,L96)&"","") | I96: =IF(M96="I",IF(OR(G96="",D96=""),"",ROUND(D96*G96,0)),IF(M96="S",SUMIFS(I$24:I95,N$24:N95,N96,M$24:M95,"I"),"")) | L96: =IFERROR(MATCH(73,'マスタ'!$N$2:$N$246,0),"") | M96: =IF(L96="","",INDEX('マスタ'!$A$2:$A$246,L96)) | N96: =IF(L96="","",INDEX('マスタ'!$B$2:$B$246,L96))
A97: =IF(M97="T",INDEX('設定'!$H$23:$H$34,N97),"") | B97: =IF(OR(L97="",M97="B"),"",INDEX('マスタ'!$C$2:$C$246,L97)) | C97: =IF(M97="I",INDEX('マスタ'!$D$2:$D$246,L97)&"","") | D97: =IF(M97="I",INDEX('マスタ'!$M$2:$M$246,L97),"") | F97: =IF(M97="I",INDEX('マスタ'!$F$2:$F$246,L97)&"","") | I97: =IF(M97="I",IF(OR(G97="",D97=""),"",ROUND(D97*G97,0)),IF(M97="S",SUMIFS(I$24:I96,N$24:N96,N97,M$24:M96,"I"),"")) | L97: =IFERROR(MATCH(74,'マスタ'!$N$2:$N$246,0),"") | M97: =IF(L97="","",INDEX('マスタ'!$A$2:$A$246,L97)) | N97: =IF(L97="","",INDEX('マスタ'!$B$2:$B$246,L97))
A98: =IF(M98="T",INDEX('設定'!$H$23:$H$34,N98),"") | B98: =IF(OR(L98="",M98="B"),"",INDEX('マスタ'!$C$2:$C$246,L98)) | C98: =IF(M98="I",INDEX('マスタ'!$D$2:$D$246,L98)&"","") | D98: =IF(M98="I",INDEX('マスタ'!$M$2:$M$246,L98),"") | F98: =IF(M98="I",INDEX('マスタ'!$F$2:$F$246,L98)&"","") | I98: =IF(M98="I",IF(OR(G98="",D98=""),"",ROUND(D98*G98,0)),IF(M98="S",SUMIFS(I$24:I97,N$24:N97,N98,M$24:M97,"I"),"")) | L98: =IFERROR(MATCH(75,'マスタ'!$N$2:$N$246,0),"") | M98: =IF(L98="","",INDEX('マスタ'!$A$2:$A$246,L98)) | N98: =IF(L98="","",INDEX('マスタ'!$B$2:$B$246,L98))
A99: =IF(M99="T",INDEX('設定'!$H$23:$H$34,N99),"") | B99: =IF(OR(L99="",M99="B"),"",INDEX('マスタ'!$C$2:$C$246,L99)) | C99: =IF(M99="I",INDEX('マスタ'!$D$2:$D$246,L99)&"","") | D99: =IF(M99="I",INDEX('マスタ'!$M$2:$M$246,L99),"") | F99: =IF(M99="I",INDEX('マスタ'!$F$2:$F$246,L99)&"","") | I99: =IF(M99="I",IF(OR(G99="",D99=""),"",ROUND(D99*G99,0)),IF(M99="S",SUMIFS(I$24:I98,N$24:N98,N99,M$24:M98,"I"),"")) | L99: =IFERROR(MATCH(76,'マスタ'!$N$2:$N$246,0),"") | M99: =IF(L99="","",INDEX('マスタ'!$A$2:$A$246,L99)) | N99: =IF(L99="","",INDEX('マスタ'!$B$2:$B$246,L99))
A100: =IF(M100="T",INDEX('設定'!$H$23:$H$34,N100),"") | B100: =IF(OR(L100="",M100="B"),"",INDEX('マスタ'!$C$2:$C$246,L100)) | C100: =IF(M100="I",INDEX('マスタ'!$D$2:$D$246,L100)&"","") | D100: =IF(M100="I",INDEX('マスタ'!$M$2:$M$246,L100),"") | F100: =IF(M100="I",INDEX('マスタ'!$F$2:$F$246,L100)&"","") | I100: =IF(M100="I",IF(OR(G100="",D100=""),"",ROUND(D100*G100,0)),IF(M100="S",SUMIFS(I$24:I99,N$24:N99,N100,M$24:M99,"I"),"")) | L100: =IFERROR(MATCH(77,'マスタ'!$N$2:$N$246,0),"") | M100: =IF(L100="","",INDEX('マスタ'!$A$2:$A$246,L100)) | N100: =IF(L100="","",INDEX('マスタ'!$B$2:$B$246,L100))
A101: =IF(M101="T",INDEX('設定'!$H$23:$H$34,N101),"") | B101: =IF(OR(L101="",M101="B"),"",INDEX('マスタ'!$C$2:$C$246,L101)) | C101: =IF(M101="I",INDEX('マスタ'!$D$2:$D$246,L101)&"","") | D101: =IF(M101="I",INDEX('マスタ'!$M$2:$M$246,L101),"") | F101: =IF(M101="I",INDEX('マスタ'!$F$2:$F$246,L101)&"","") | I101: =IF(M101="I",IF(OR(G101="",D101=""),"",ROUND(D101*G101,0)),IF(M101="S",SUMIFS(I$24:I100,N$24:N100,N101,M$24:M100,"I"),"")) | L101: =IFERROR(MATCH(78,'マスタ'!$N$2:$N$246,0),"") | M101: =IF(L101="","",INDEX('マスタ'!$A$2:$A$246,L101)) | N101: =IF(L101="","",INDEX('マスタ'!$B$2:$B$246,L101))
A102: =IF(M102="T",INDEX('設定'!$H$23:$H$34,N102),"") | B102: =IF(OR(L102="",M102="B"),"",INDEX('マスタ'!$C$2:$C$246,L102)) | C102: =IF(M102="I",INDEX('マスタ'!$D$2:$D$246,L102)&"","") | D102: =IF(M102="I",INDEX('マスタ'!$M$2:$M$246,L102),"") | F102: =IF(M102="I",INDEX('マスタ'!$F$2:$F$246,L102)&"","") | I102: =IF(M102="I",IF(OR(G102="",D102=""),"",ROUND(D102*G102,0)),IF(M102="S",SUMIFS(I$24:I101,N$24:N101,N102,M$24:M101,"I"),"")) | L102: =IFERROR(MATCH(79,'マスタ'!$N$2:$N$246,0),"") | M102: =IF(L102="","",INDEX('マスタ'!$A$2:$A$246,L102)) | N102: =IF(L102="","",INDEX('マスタ'!$B$2:$B$246,L102))
...

Sheet マスタ
A1: 行種別 | B1: 工事ID | C1: 名称 | D1: 仕様 | E1: 既定数量 | F1: 単位 | G1: 基準キー | H1: 係数 | I1: 最低階数 | J1: 構造限定 | K1: 採用工事 | L1: 表示 | M1: 数量 | N1: 連番
A2: T | B2: 1 | C2: 解体工事 | K2: =INDEX('設定'!$G$23:$G$34,B2) | L2: =IF(K2<>1,0,IF(OR(A2="T",A2="S",A2="B"),1,IF(AND(OR(I2="",I2<='設定'!$K$2),OR(J2="",ISNUMBER(SEARCH('設定'!$K$3,J2)))),1,0))) | M2: =IF(A2<>"I","",IF(G2="",E2,IFERROR(IF(VLOOKUP(G2,'設定'!$A$9:$B$18,2,FALSE)="",E2,ROUND(VLOOKUP(G2,'設定'!$A$9:$B$18,2,FALSE)*H2,2)),E2))) | N2: =IF(L2=1,COUNTIF(L$2:L2,1),"")
A3: I | B3: 1 | C3: 1階スケルトン解体処分 | E3: 63.6 | F3: ㎡ | G3: floor1_area | H3: 1 | K3: =INDEX('設定'!$G$23:$G$34,B3) | L3: =IF(K3<>1,0,IF(OR(A3="T",A3="S",A3="B"),1,IF(AND(OR(I3="",I3<='設定'!$K$2),OR(J3="",ISNUMBER(SEARCH('設定'!$K$3,J3)))),1,0))) | M3: =IF(A3<>"I","",IF(G3="",E3,IFERROR(IF(VLOOKUP(G3,'設定'!$A$9:$B$18,2,FALSE)="",E3,ROUND(VLOOKUP(G3,'設定'!$A$9:$B$18,2,FALSE)*H3,2)),E3))) | N3: =IF(L3=1,COUNTIF(L$2:L3,1),"")
A4: I | B4: 1 | C4: 2階スケルトン解体処分 | E4: 33 | F4: ㎡ | G4: floor2_area | H4: 1 | I4: 2 | K4: =INDEX('設定'!$G$23:$G$34,B4) | L4: =IF(K4<>1,0,IF(OR(A4="T",A4="S",A4="B"),1,IF(AND(OR(I4="",I4<='設定'!$K$2),OR(J4="",ISNUMBER(SEARCH('設定'!$K$3,J4)))),1,0))) | M4: =IF(A4<>"I","",IF(G4="",E4,IFERROR(IF(VLOOKUP(G4,'設定'!$A$9:$B$18,2,FALSE)="",E4,ROUND(VLOOKUP(G4,'設定'!$A$9:$B$18,2,FALSE)*H4,2)),E4))) | N4: =IF(L4=1,COUNTIF(L$2:L4,1),"")
A5: I | B5: 1 | C5: 3階スケルトン解体処分 | E5: 1 | F5: ㎡ | G5: floor3_area | H5: 1 | I5: 3 | K5: =INDEX('設定'!$G$23:$G$34,B5) | L5: =IF(K5<>1,0,IF(OR(A5="T",A5="S",A5="B"),1,IF(AND(OR(I5="",I5<='設定'!$K$2),OR(J5="",ISNUMBER(SEARCH('設定'!$K$3,J5)))),1,0))) | M5: =IF(A5<>"I","",IF(G5="",E5,IFERROR(IF(VLOOKUP(G5,'設定'!$A$9:$B$18,2,FALSE)="",E5,ROUND(VLOOKUP(G5,'設定'!$A$9:$B$18,2,FALSE)*H5,2)),E5))) | N5: =IF(L5=1,COUNTIF(L$2:L5,1),"")
A6: I | B6: 1 | C6: 浴室解体処分 | E6: 1 | F6: 式 | K6: =INDEX('設定'!$G$23:$G$34,B6) | L6: =IF(K6<>1,0,IF(OR(A6="T",A6="S",A6="B"),1,IF(AND(OR(I6="",I6<='設定'!$K$2),OR(J6="",ISNUMBER(SEARCH('設定'!$K$3,J6)))),1,0))) | M6: =IF(A6<>"I","",IF(G6="",E6,IFERROR(IF(VLOOKUP(G6,'設定'!$A$9:$B$18,2,FALSE)="",E6,ROUND(VLOOKUP(G6,'設定'!$A$9:$B$18,2,FALSE)*H6,2)),E6))) | N6: =IF(L6=1,COUNTIF(L$2:L6,1),"")
A7: I | B7: 1 | C7: 1階和室、脱衣室等解体処分 | E7: 26 | F7: ㎡ | K7: =INDEX('設定'!$G$23:$G$34,B7) | L7: =IF(K7<>1,0,IF(OR(A7="T",A7="S",A7="B"),1,IF(AND(OR(I7="",I7<='設定'!$K$2),OR(J7="",ISNUMBER(SEARCH('設定'!$K$3,J7)))),1,0))) | M7: =IF(A7<>"I","",IF(G7="",E7,IFERROR(IF(VLOOKUP(G7,'設定'!$A$9:$B$18,2,FALSE)="",E7,ROUND(VLOOKUP(G7,'設定'!$A$9:$B$18,2,FALSE)*H7,2)),E7))) | N7: =IF(L7=1,COUNTIF(L$2:L7,1),"")
A8: I | B8: 1 | C8: トイレ解体処分 | E8: 2 | F8: ヶ処 | G8: toilet_count | H8: 1 | K8: =INDEX('設定'!$G$23:$G$34,B8) | L8: =IF(K8<>1,0,IF(OR(A8="T",A8="S",A8="B"),1,IF(AND(OR(I8="",I8<='設定'!$K$2),OR(J8="",ISNUMBER(SEARCH('設定'!$K$3,J8)))),1,0))) | M8: =IF(A8<>"I","",IF(G8="",E8,IFERROR(IF(VLOOKUP(G8,'設定'!$A$9:$B$18,2,FALSE)="",E8,ROUND(VLOOKUP(G8,'設定'!$A$9:$B$18,2,FALSE)*H8,2)),E8))) | N8: =IF(L8=1,COUNTIF(L$2:L8,1),"")
A9: I | B9: 1 | C9: 物置屋根解体処分 | E9: 1 | F9: 式 | K9: =INDEX('設定'!$G$23:$G$34,B9) | L9: =IF(K9<>1,0,IF(OR(A9="T",A9="S",A9="B"),1,IF(AND(OR(I9="",I9<='設定'!$K$2),OR(J9="",ISNUMBER(SEARCH('設定'!$K$3,J9)))),1,0))) | M9: =IF(A9<>"I","",IF(G9="",E9,IFERROR(IF(VLOOKUP(G9,'設定'!$A$9:$B$18,2,FALSE)="",E9,ROUND(VLOOKUP(G9,'設定'!$A$9:$B$18,2,FALSE)*H9,2)),E9))) | N9: =IF(L9=1,COUNTIF(L$2:L9,1),"")
A10: I | B10: 1 | C10: 小屋根解体処分 | D10: アルミバルコニー共 | E10: 1 | F10: 式 | K10: =INDEX('設定'!$G$23:$G$34,B10) | L10: =IF(K10<>1,0,IF(OR(A10="T",A10="S",A10="B"),1,IF(AND(OR(I10="",I10<='設定'!$K$2),OR(J10="",ISNUMBER(SEARCH('設定'!$K$3,J10)))),1,0))) | M10: =IF(A10<>"I","",IF(G10="",E10,IFERROR(IF(VLOOKUP(G10,'設定'!$A$9:$B$18,2,FALSE)="",E10,ROUND(VLOOKUP(G10,'設定'!$A$9:$B$18,2,FALSE)*H10,2)),E10))) | N10: =IF(L10=1,COUNTIF(L$2:L10,1),"")
A11: I | B11: 1 | C11: コンクリート斫り・コア抜き | E11: 1 | F11: 式 | J11: rc | K11: =INDEX('設定'!$G$23:$G$34,B11) | L11: =IF(K11<>1,0,IF(OR(A11="T",A11="S",A11="B"),1,IF(AND(OR(I11="",I11<='設定'!$K$2),OR(J11="",ISNUMBER(SEARCH('設定'!$K$3,J11)))),1,0))) | M11: =IF(A11<>"I","",IF(G11="",E11,IFERROR(IF(VLOOKUP(G11,'設定'!$A$9:$B$18,2,FALSE)="",E11,ROUND(VLOOKUP(G11,'設定'!$A$9:$B$18,2,FALSE)*H11,2)),E11))) | N11: =IF(L11=1,COUNTIF(L$2:L11,1),"")
A12: S | B12: 1 | C12: 小 計 | K12: =INDEX('設定'!$G$23:$G$34,B12) | L12: =IF(K12<>1,0,IF(OR(A12="T",A12="S",A12="B"),1,IF(AND(OR(I12="",I12<='設定'!$K$2),OR(J12="",ISNUMBER(SEARCH('設定'!$K$3,J12)))),1,0))) | M12: =IF(A12<>"I","",IF(G12="",E12,IFERROR(IF(VLOOKUP(G12,'設定'!$A$9:$B$18,2,FALSE)="",E12,ROUND(VLOOKUP(G12,'設定'!$A$9:$B$18,2,FALSE)*H12,2)),E12))) | N12: =IF(L12=1,COUNTIF(L$2:L12,1),"")
A13: B | B13: 1 | K13: =INDEX('設定'!$G$23:$G$34,B13) | L13: =IF(K13<>1,0,IF(OR(A13="T",A13="S",A13="B"),1,IF(AND(OR(I13="",I13<='設定'!$K$2),OR(J13="",ISNUMBER(SEARCH('設定'!$K$3,J13)))),1,0))) | M13: =IF(A13<>"I","",IF(G13="",E13,IFERROR(IF(VLOOKUP(G13,'設定'!$A$9:$B$18,2,FALSE)="",E13,ROUND(VLOOKUP(G13,'設定'!$A$9:$B$18,2,FALSE)*H13,2)),E13))) | N13: =IF(L13=1,COUNTIF(L$2:L13,1),"")
A14: T | B14: 2 | C14: 基礎工事 | K14: =INDEX('設定'!$G$23:$G$34,B14) | L14: =IF(K14<>1,0,IF(OR(A14="T",A14="S",A14="B"),1,IF(AND(OR(I14="",I14<='設定'!$K$2),OR(J14="",ISNUMBER(SEARCH('設定'!$K$3,J14)))),1,0))) | M14: =IF(A14<>"I","",IF(G14="",E14,IFERROR(IF(VLOOKUP(G14,'設定'!$A$9:$B$18,2,FALSE)="",E14,ROUND(VLOOKUP(G14,'設定'!$A$9:$B$18,2,FALSE)*H14,2)),E14))) | N14: =IF(L14=1,COUNTIF(L$2:L14,1),"")
A15: I | B15: 2 | C15: 玄関土間・ポーチ | D15: 300角磁器質タイル or 洗出し仕上げ | E15: 6.6 | F15: ㎡ | K15: =INDEX('設定'!$G$23:$G$34,B15) | L15: =IF(K15<>1,0,IF(OR(A15="T",A15="S",A15="B"),1,IF(AND(OR(I15="",I15<='設定'!$K$2),OR(J15="",ISNUMBER(SEARCH('設定'!$K$3,J15)))),1,0))) | M15: =IF(A15<>"I","",IF(G15="",E15,IFERROR(IF(VLOOKUP(G15,'設定'!$A$9:$B$18,2,FALSE)="",E15,ROUND(VLOOKUP(G15,'設定'!$A$9:$B$18,2,FALSE)*H15,2)),E15))) | N15: =IF(L15=1,COUNTIF(L$2:L15,1),"")
A16: I | B16: 2 | C16: ポーチ立上り部 | D16: 〃 | E16: 12.2 | F16: ｍ | K16: =INDEX('設定'!$G$23:$G$34,B16) | L16: =IF(K16<>1,0,IF(OR(A16="T",A16="S",A16="B"),1,IF(AND(OR(I16="",I16<='設定'!$K$2),OR(J16="",ISNUMBER(SEARCH('設定'!$K$3,J16)))),1,0))) | M16: =IF(A16<>"I","",IF(G16="",E16,IFERROR(IF(VLOOKUP(G16,'設定'!$A$9:$B$18,2,FALSE)="",E16,ROUND(VLOOKUP(G16,'設定'!$A$9:$B$18,2,FALSE)*H16,2)),E16))) | N16: =IF(L16=1,COUNTIF(L$2:L16,1),"")
A17: I | B17: 2 | C17: サッシモルタル詰め | E17: 1 | F17: 式 | K17: =INDEX('設定'!$G$23:$G$34,B17) | L17: =IF(K17<>1,0,IF(OR(A17="T",A17="S",A17="B"),1,IF(AND(OR(I17="",I17<='設定'!$K$2),OR(J17="",ISNUMBER(SEARCH('設定'!$K$3,J17)))),1,0))) | M17: =IF(A17<>"I","",IF(G17="",E17,IFERROR(IF(VLOOKUP(G17,'設定'!$A$9:$B$18,2,FALSE)="",E17,ROUND(VLOOKUP(G17,'設定'!$A$9:$B$18,2,FALSE)*H17,2)),E17))) | N17: =IF(L17=1,COUNTIF(L$2:L17,1),"")
A18: I | B18: 2 | C18: 浴室土間コンクリート | D18: 洗面室土間共 | E18: 1 | F18: 式 | K18: =INDEX('設定'!$G$23:$G$34,B18) | L18: =IF(K18<>1,0,IF(OR(A18="T",A18="S",A18="B"),1,IF(AND(OR(I18="",I18<='設定'!$K$2),OR(J18="",ISNUMBER(SEARCH('設定'!$K$3,J18)))),1,0))) | M18: =IF(A18<>"I","",IF(G18="",E18,IFERROR(IF(VLOOKUP(G18,'設定'!$A$9:$B$18,2,FALSE)="",E18,ROUND(VLOOKUP(G18,'設定'!$A$9:$B$18,2,FALSE)*H18,2)),E18))) | N18: =IF(L18=1,COUNTIF(L$2:L18,1),"")
A19: I | B19: 2 | C19: 勝手口階段 | E19: 1 | F19: 式 | K19: =INDEX('設定'!$G$23:$G$34,B19) | L19: =IF(K19<>1,0,IF(OR(A19="T",A19="S",A19="B"),1,IF(AND(OR(I19="",I19<='設定'!$K$2),OR(J19="",ISNUMBER(SEARCH('設定'!$K$3,J19)))),1,0))) | M19: =IF(A19<>"I","",IF(G19="",E19,IFERROR(IF(VLOOKUP(G19,'設定'!$A$9:$B$18,2,FALSE)="",E19,ROUND(VLOOKUP(G19,'設定'!$A$9:$B$18,2,FALSE)*H19,2)),E19))) | N19: =IF(L19=1,COUNTIF(L$2:L19,1),"")
A20: S | B20: 2 | C20: 小 計 | K20: =INDEX('設定'!$G$23:$G$34,B20) | L20: =IF(K20<>1,0,IF(OR(A20="T",A20="S",A20="B"),1,IF(AND(OR(I20="",I20<='設定'!$K$2),OR(J20="",ISNUMBER(SEARCH('設定'!$K$3,J20)))),1,0))) | M20: =IF(A20<>"I","",IF(G20="",E20,IFERROR(IF(VLOOKUP(G20,'設定'!$A$9:$B$18,2,FALSE)="",E20,ROUND(VLOOKUP(G20,'設定'!$A$9:$B$18,2,FALSE)*H20,2)),E20))) | N20: =IF(L20=1,COUNTIF(L$2:L20,1),"")
A21: B | B21: 2 | K21: =INDEX('設定'!$G$23:$G$34,B21) | L21: =IF(K21<>1,0,IF(OR(A21="T",A21="S",A21="B"),1,IF(AND(OR(I21="",I21<='設定'!$K$2),OR(J21="",ISNUMBER(SEARCH('設定'!$K$3,J21)))),1,0))) | M21: =IF(A21<>"I","",IF(G21="",E21,IFERROR(IF(VLOOKUP(G21,'設定'!$A$9:$B$18,2,FALSE)="",E21,ROUND(VLOOKUP(G21,'設定'!$A$9:$B$18,2,FALSE)*H21,2)),E21))) | N21: =IF(L21=1,COUNTIF(L$2:L21,1),"")
A22: T | B22: 3 | C22: 木工事 | K22: =INDEX('設定'!$G$23:$G$34,B22) | L22: =IF(K22<>1,0,IF(OR(A22="T",A22="S",A22="B"),1,IF(AND(OR(I22="",I22<='設定'!$K$2),OR(J22="",ISNUMBER(SEARCH('設定'!$K$3,J22)))),1,0))) | M22: =IF(A22<>"I","",IF(G22="",E22,IFERROR(IF(VLOOKUP(G22,'設定'!$A$9:$B$18,2,FALSE)="",E22,ROUND(VLOOKUP(G22,'設定'!$A$9:$B$18,2,FALSE)*H22,2)),E22))) | N22: =IF(L22=1,COUNTIF(L$2:L22,1),"")
A23: I | B23: 3 | C23: 材木費 | E23: 37 | F23: 坪 | G23: tsubo | H23: 1 | J23: wood | K23: =INDEX('設定'!$G$23:$G$34,B23) | L23: =IF(K23<>1,0,IF(OR(A23="T",A23="S",A23="B"),1,IF(AND(OR(I23="",I23<='設定'!$K$2),OR(J23="",ISNUMBER(SEARCH('設定'!$K$3,J23)))),1,0))) | M23: =IF(A23<>"I","",IF(G23="",E23,IFERROR(IF(VLOOKUP(G23,'設定'!$A$9:$B$18,2,FALSE)="",E23,ROUND(VLOOKUP(G23,'設定'!$A$9:$B$18,2,FALSE)*H23,2)),E23))) | N23: =IF(L23=1,COUNTIF(L$2:L23,1),"")
A24: I | B24: 3 | C24: 木造作費 | E24: 37 | F24: 坪 | G24: tsubo | H24: 1 | J24: wood | K24: =INDEX('設定'!$G$23:$G$34,B24) | L24: =IF(K24<>1,0,IF(OR(A24="T",A24="S",A24="B"),1,IF(AND(OR(I24="",I24<='設定'!$K$2),OR(J24="",ISNUMBER(SEARCH('設定'!$K$3,J24)))),1,0))) | M24: =IF(A24<>"I","",IF(G24="",E24,IFERROR(IF(VLOOKUP(G24,'設定'!$A$9:$B$18,2,FALSE)="",E24,ROUND(VLOOKUP(G24,'設定'!$A$9:$B$18,2,FALSE)*H24,2)),E24))) | N24: =IF(L24=1,COUNTIF(L$2:L24,1),"")
A25: I | B25: 3 | C25: 金物費 | E25: 37 | F25: 坪 | G25: tsubo | H25: 1 | J25: wood | K25: =INDEX('設定'!$G$23:$G$34,B25) | L25: =IF(K25<>1,0,IF(OR(A25="T",A25="S",A25="B"),1,IF(AND(OR(I25="",I25<='設定'!$K$2),OR(J25="",ISNUMBER(SEARCH('設定'!$K$3,J25)))),1,0))) | M25: =IF(A25<>"I","",IF(G25="",E25,IFERROR(IF(VLOOKUP(G25,'設定'!$A$9:$B$18,2,FALSE)="",E25,ROUND(VLOOKUP(G25,'設定'!$A$9:$B$18,2,FALSE)*H25,2)),E25))) | N25: =IF(L25=1,COUNTIF(L$2:L25,1),"")
A26: I | B26: 3 | C26: 防蟻処理 | D26: ホウ酸散布 | E26: 122 | F26: ㎡ | G26: total_area | H26: 1 | J26: wood | K26: =INDEX('設定'!$G$23:$G$34,B26) | L26: =IF(K26<>1,0,IF(OR(A26="T",A26="S",A26="B"),1,IF(AND(OR(I26="",I26<='設定'!$K$2),OR(J26="",ISNUMBER(SEARCH('設定'!$K$3,J26)))),1,0))) | M26: =IF(A26<>"I","",IF(G26="",E26,IFERROR(IF(VLOOKUP(G26,'設定'!$A$9:$B$18,2,FALSE)="",E26,ROUND(VLOOKUP(G26,'設定'!$A$9:$B$18,2,FALSE)*H26,2)),E26))) | N26: =IF(L26=1,COUNTIF(L$2:L26,1),"")
A27: I | B27: 3 | C27: 軽量鉄骨下地（壁・天井） | E27: 1 | F27: ㎡ | G27: total_area | H27: 1 | J27: steel,rc | K27: =INDEX('設定'!$G$23:$G$34,B27) | L27: =IF(K27<>1,0,IF(OR(A27="T",A27="S",A27="B"),1,IF(AND(OR(I27="",I27<='設定'!$K$2),OR(J27="",ISNUMBER(SEARCH('設定'!$K$3,J27)))),1,0))) | M27: =IF(A27<>"I","",IF(G27="",E27,IFERROR(IF(VLOOKUP(G27,'設定'!$A$9:$B$18,2,FALSE)="",E27,ROUND(VLOOKUP(G27,'設定'!$A$9:$B$18,2,FALSE)*H27,2)),E27))) | N27: =IF(L27=1,COUNTIF(L$2:L27,1),"")
A28: S | B28: 3 | C28: 小 計 | K28: =INDEX('設定'!$G$23:$G$34,B28) | L28: =IF(K28<>1,0,IF(OR(A28="T",A28="S",A28="B"),1,IF(AND(OR(I28="",I28<='設定'!$K$2),OR(J28="",ISNUMBER(SEARCH('設定'!$K$3,J28)))),1,0))) | M28: =IF(A28<>"I","",IF(G28="",E28,IFERROR(IF(VLOOKUP(G28,'設定'!$A$9:$B$18,2,FALSE)="",E28,ROUND(VLOOKUP(G28,'設定'!$A$9:$B$18,2,FALSE)*H28,2)),E28))) | N28: =IF(L28=1,COUNTIF(L$2:L28,1),"")
A29: B | B29: 3 | K29: =INDEX('設定'!$G$23:$G$34,B29) | L29: =IF(K29<>1,0,IF(OR(A29="T",A29="S",A29="B"),1,IF(AND(OR(I29="",I29<='設定'!$K$2),OR(J29="",ISNUMBER(SEARCH('設定'!$K$3,J29)))),1,0))) | M29: =IF(A29<>"I","",IF(G29="",E29,IFERROR(IF(VLOOKUP(G29,'設定'!$A$9:$B$18,2,FALSE)="",E29,ROUND(VLOOKUP(G29,'設定'!$A$9:$B$18,2,FALSE)*H29,2)),E29))) | N29: =IF(L29=1,COUNTIF(L$2:L29,1),"")
A30: T | B30: 4 | C30: 屋根板金工事 | K30: =INDEX('設定'!$G$23:$G$34,B30) | L30: =IF(K30<>1,0,IF(OR(A30="T",A30="S",A30="B"),1,IF(AND(OR(I30="",I30<='設定'!$K$2),OR(J30="",ISNUMBER(SEARCH('設定'!$K$3,J30)))),1,0))) | M30: =IF(A30<>"I","",IF(G30="",E30,IFERROR(IF(VLOOKUP(G30,'設定'!$A$9:$B$18,2,FALSE)="",E30,ROUND(VLOOKUP(G30,'設定'!$A$9:$B$18,2,FALSE)*H30,2)),E30))) | N30: =IF(L30=1,COUNTIF(L$2:L30,1),"")
A31: G | B31: 4 | C31: 【屋根】 | K31: =INDEX('設定'!$G$23:$G$34,B31) | L31: =IF(K31<>1,0,IF(OR(A31="T",A31="S",A31="B"),1,IF(AND(OR(I31="",I31<='設定'!$K$2),OR(J31="",ISNUMBER(SEARCH('設定'!$K$3,J31)))),1,0))) | M31: =IF(A31<>"I","",IF(G31="",E31,IFERROR(IF(VLOOKUP(G31,'設定'!$A$9:$B$18,2,FALSE)="",E31,ROUND(VLOOKUP(G31,'設定'!$A$9:$B$18,2,FALSE)*H31,2)),E31))) | N31: =IF(L31=1,COUNTIF(L$2:L31,1),"")
A32: I | B32: 4 | C32: 屋根GL立平葺き | E32: 83 | F32: ㎡ | G32: roof_area | H32: 1 | K32: =INDEX('設定'!$G$23:$G$34,B32) | L32: =IF(K32<>1,0,IF(OR(A32="T",A32="S",A32="B"),1,IF(AND(OR(I32="",I32<='設定'!$K$2),OR(J32="",ISNUMBER(SEARCH('設定'!$K$3,J32)))),1,0))) | M32: =IF(A32<>"I","",IF(G32="",E32,IFERROR(IF(VLOOKUP(G32,'設定'!$A$9:$B$18,2,FALSE)="",E32,ROUND(VLOOKUP(G32,'設定'!$A$9:$B$18,2,FALSE)*H32,2)),E32))) | N32: =IF(L32=1,COUNTIF(L$2:L32,1),"")
A33: I | B33: 4 | C33: 屋根ｶﾗｸｻ | E33: 47 | F33: ⅿ | K33: =INDEX('設定'!$G$23:$G$34,B33) | L33: =IF(K33<>1,0,IF(OR(A33="T",A33="S",A33="B"),1,IF(AND(OR(I33="",I33<='設定'!$K$2),OR(J33="",ISNUMBER(SEARCH('設定'!$K$3,J33)))),1,0))) | M33: =IF(A33<>"I","",IF(G33="",E33,IFERROR(IF(VLOOKUP(G33,'設定'!$A$9:$B$18,2,FALSE)="",E33,ROUND(VLOOKUP(G33,'設定'!$A$9:$B$18,2,FALSE)*H33,2)),E33))) | N33: =IF(L33=1,COUNTIF(L$2:L33,1),"")
A34: I | B34: 4 | C34: ｺﾞﾑｱｽﾙｰﾌｨﾝｸﾞ | E34: 83 | F34: ㎡ | G34: roof_area | H34: 1 | K34: =INDEX('設定'!$G$23:$G$34,B34) | L34: =IF(K34<>1,0,IF(OR(A34="T",A34="S",A34="B"),1,IF(AND(OR(I34="",I34<='設定'!$K$2),OR(J34="",ISNUMBER(SEARCH('設定'!$K$3,J34)))),1,0))) | M34: =IF(A34<>"I","",IF(G34="",E34,IFERROR(IF(VLOOKUP(G34,'設定'!$A$9:$B$18,2,FALSE)="",E34,ROUND(VLOOKUP(G34,'設定'!$A$9:$B$18,2,FALSE)*H34,2)),E34))) | N34: =IF(L34=1,COUNTIF(L$2:L34,1),"")
A35: I | B35: 4 | C35: 雪止め1段 | E35: 78 | F35: ヶ | K35: =INDEX('設定'!$G$23:$G$34,B35) | L35: =IF(K35<>1,0,IF(OR(A35="T",A35="S",A35="B"),1,IF(AND(OR(I35="",I35<='設定'!$K$2),OR(J35="",ISNUMBER(SEARCH('設定'!$K$3,J35)))),1,0))) | M35: =IF(A35<>"I","",IF(G35="",E35,IFERROR(IF(VLOOKUP(G35,'設定'!$A$9:$B$18,2,FALSE)="",E35,ROUND(VLOOKUP(G35,'設定'!$A$9:$B$18,2,FALSE)*H35,2)),E35))) | N35: =IF(L35=1,COUNTIF(L$2:L35,1),"")
A36: I | B36: 4 | C36: 立上水切 | E36: 20 | F36: ⅿ | K36: =INDEX('設定'!$G$23:$G$34,B36) | L36: =IF(K36<>1,0,IF(OR(A36="T",A36="S",A36="B"),1,IF(AND(OR(I36="",I36<='設定'!$K$2),OR(J36="",ISNUMBER(SEARCH('設定'!$K$3,J36)))),1,0))) | M36: =IF(A36<>"I","",IF(G36="",E36,IFERROR(IF(VLOOKUP(G36,'設定'!$A$9:$B$18,2,FALSE)="",E36,ROUND(VLOOKUP(G36,'設定'!$A$9:$B$18,2,FALSE)*H36,2)),E36))) | N36: =IF(L36=1,COUNTIF(L$2:L36,1),"")
A37: I | B37: 4 | C37: 棟板金 | E37: 11.5 | F37: ⅿ | K37: =INDEX('設定'!$G$23:$G$34,B37) | L37: =IF(K37<>1,0,IF(OR(A37="T",A37="S",A37="B"),1,IF(AND(OR(I37="",I37<='設定'!$K$2),OR(J37="",ISNUMBER(SEARCH('設定'!$K$3,J37)))),1,0))) | M37: =IF(A37<>"I","",IF(G37="",E37,IFERROR(IF(VLOOKUP(G37,'設定'!$A$9:$B$18,2,FALSE)="",E37,ROUND(VLOOKUP(G37,'設定'!$A$9:$B$18,2,FALSE)*H37,2)),E37))) | N37: =IF(L37=1,COUNTIF(L$2:L37,1),"")
A38: I | B38: 4 | C38: 谷板工事 | E38: 1.7 | F38: ⅿ | K38: =INDEX('設定'!$G$23:$G$34,B38) | L38: =IF(K38<>1,0,IF(OR(A38="T",A38="S",A38="B"),1,IF(AND(OR(I38="",I38<='設定'!$K$2),OR(J38="",ISNUMBER(SEARCH('設定'!$K$3,J38)))),1,0))) | M38: =IF(A38<>"I","",IF(G38="",E38,IFERROR(IF(VLOOKUP(G38,'設定'!$A$9:$B$18,2,FALSE)="",E38,ROUND(VLOOKUP(G38,'設定'!$A$9:$B$18,2,FALSE)*H38,2)),E38))) | N38: =IF(L38=1,COUNTIF(L$2:L38,1),"")
A39: I | B39: 4 | C39: 荷上げﾚｯｶｰ代 | E39: 1 | F39: 式 | K39: =INDEX('設定'!$G$23:$G$34,B39) | L39: =IF(K39<>1,0,IF(OR(A39="T",A39="S",A39="B"),1,IF(AND(OR(I39="",I39<='設定'!$K$2),OR(J39="",ISNUMBER(SEARCH('設定'!$K$3,J39)))),1,0))) | M39: =IF(A39<>"I","",IF(G39="",E39,IFERROR(IF(VLOOKUP(G39,'設定'!$A$9:$B$18,2,FALSE)="",E39,ROUND(VLOOKUP(G39,'設定'!$A$9:$B$18,2,FALSE)*H39,2)),E39))) | N39: =IF(L39=1,COUNTIF(L$2:L39,1),"")
A40: G | B40: 4 | C40: 【外壁】 | K40: =INDEX('設定'!$G$23:$G$34,B40) | L40: =IF(K40<>1,0,IF(OR(A40="T",A40="S",A40="B"),1,IF(AND(OR(I40="",I40<='設定'!$K$2),OR(J40="",ISNUMBER(SEARCH('設定'!$K$3,J40)))),1,0))) | M40: =IF(A40<>"I","",IF(G40="",E40,IFERROR(IF(VLOOKUP(G40,'設定'!$A$9:$B$18,2,FALSE)="",E40,ROUND(VLOOKUP(G40,'設定'!$A$9:$B$18,2,FALSE)*H40,2)),E40))) | N40: =IF(L40=1,COUNTIF(L$2:L40,1),"")
A41: I | B41: 4 | C41: 6山角波工事 | E41: 123.3 | F41: ㎡ | G41: wall_area | H41: 1 | K41: =INDEX('設定'!$G$23:$G$34,B41) | L41: =IF(K41<>1,0,IF(OR(A41="T",A41="S",A41="B"),1,IF(AND(OR(I41="",I41<='設定'!$K$2),OR(J41="",ISNUMBER(SEARCH('設定'!$K$3,J41)))),1,0))) | M41: =IF(A41<>"I","",IF(G41="",E41,IFERROR(IF(VLOOKUP(G41,'設定'!$A$9:$B$18,2,FALSE)="",E41,ROUND(VLOOKUP(G41,'設定'!$A$9:$B$18,2,FALSE)*H41,2)),E41))) | N41: =IF(L41=1,COUNTIF(L$2:L41,1),"")
A42: I | B42: 4 | C42: 土台水切り | E42: 29.5 | F42: ⅿ | K42: =INDEX('設定'!$G$23:$G$34,B42) | L42: =IF(K42<>1,0,IF(OR(A42="T",A42="S",A42="B"),1,IF(AND(OR(I42="",I42<='設定'!$K$2),OR(J42="",ISNUMBER(SEARCH('設定'!$K$3,J42)))),1,0))) | M42: =IF(A42<>"I","",IF(G42="",E42,IFERROR(IF(VLOOKUP(G42,'設定'!$A$9:$B$18,2,FALSE)="",E42,ROUND(VLOOKUP(G42,'設定'!$A$9:$B$18,2,FALSE)*H42,2)),E42))) | N42: =IF(L42=1,COUNTIF(L$2:L42,1),"")
A43: I | B43: 4 | C43: 軒天、窓廻りｺｰﾅｰ水切り | E43: 75 | F43: ⅿ | K43: =INDEX('設定'!$G$23:$G$34,B43) | L43: =IF(K43<>1,0,IF(OR(A43="T",A43="S",A43="B"),1,IF(AND(OR(I43="",I43<='設定'!$K$2),OR(J43="",ISNUMBER(SEARCH('設定'!$K$3,J43)))),1,0))) | M43: =IF(A43<>"I","",IF(G43="",E43,IFERROR(IF(VLOOKUP(G43,'設定'!$A$9:$B$18,2,FALSE)="",E43,ROUND(VLOOKUP(G43,'設定'!$A$9:$B$18,2,FALSE)*H43,2)),E43))) | N43: =IF(L43=1,COUNTIF(L$2:L43,1),"")
A44: I | B44: 4 | C44: 出角水切り | E44: 21.8 | F44: ⅿ | K44: =INDEX('設定'!$G$23:$G$34,B44) | L44: =IF(K44<>1,0,IF(OR(A44="T",A44="S",A44="B"),1,IF(AND(OR(I44="",I44<='設定'!$K$2),OR(J44="",ISNUMBER(SEARCH('設定'!$K$3,J44)))),1,0))) | M44: =IF(A44<>"I","",IF(G44="",E44,IFERROR(IF(VLOOKUP(G44,'設定'!$A$9:$B$18,2,FALSE)="",E44,ROUND(VLOOKUP(G44,'設定'!$A$9:$B$18,2,FALSE)*H44,2)),E44))) | N44: =IF(L44=1,COUNTIF(L$2:L44,1),"")
A45: G | B45: 4 | C45: 【雨樋】 | K45: =INDEX('設定'!$G$23:$G$34,B45) | L45: =IF(K45<>1,0,IF(OR(A45="T",A45="S",A45="B"),1,IF(AND(OR(I45="",I45<='設定'!$K$2),OR(J45="",ISNUMBER(SEARCH('設定'!$K$3,J45)))),1,0))) | M45: =IF(A45<>"I","",IF(G45="",E45,IFERROR(IF(VLOOKUP(G45,'設定'!$A$9:$B$18,2,FALSE)="",E45,ROUND(VLOOKUP(G45,'設定'!$A$9:$B$18,2,FALSE)*H45,2)),E45))) | N45: =IF(L45=1,COUNTIF(L$2:L45,1),"")
A46: I | B46: 4 | C46: 半丸工事 | E46: 26.5 | F46: ⅿ | K46: =INDEX('設定'!$G$23:$G$34,B46) | L46: =IF(K46<>1,0,IF(OR(A46="T",A46="S",A46="B"),1,IF(AND(OR(I46="",I46<='設定'!$K$2),OR(J46="",ISNUMBER(SEARCH('設定'!$K$3,J46)))),1,0))) | M46: =IF(A46<>"I","",IF(G46="",E46,IFERROR(IF(VLOOKUP(G46,'設定'!$A$9:$B$18,2,FALSE)="",E46,ROUND(VLOOKUP(G46,'設定'!$A$9:$B$18,2,FALSE)*H46,2)),E46))) | N46: =IF(L46=1,COUNTIF(L$2:L46,1),"")
A47: I | B47: 4 | C47: 受金 | E47: 55 | F47: 本 | K47: =INDEX('設定'!$G$23:$G$34,B47) | L47: =IF(K47<>1,0,IF(OR(A47="T",A47="S",A47="B"),1,IF(AND(OR(I47="",I47<='設定'!$K$2),OR(J47="",ISNUMBER(SEARCH('設定'!$K$3,J47)))),1,0))) | M47: =IF(A47<>"I","",IF(G47="",E47,IFERROR(IF(VLOOKUP(G47,'設定'!$A$9:$B$18,2,FALSE)="",E47,ROUND(VLOOKUP(G47,'設定'!$A$9:$B$18,2,FALSE)*H47,2)),E47))) | N47: =IF(L47=1,COUNTIF(L$2:L47,1),"")
A48: I | B48: 4 | C48: 上合 | E48: 7 | F48: ヶ処 | K48: =INDEX('設定'!$G$23:$G$34,B48) | L48: =IF(K48<>1,0,IF(OR(A48="T",A48="S",A48="B"),1,IF(AND(OR(I48="",I48<='設定'!$K$2),OR(J48="",ISNUMBER(SEARCH('設定'!$K$3,J48)))),1,0))) | M48: =IF(A48<>"I","",IF(G48="",E48,IFERROR(IF(VLOOKUP(G48,'設定'!$A$9:$B$18,2,FALSE)="",E48,ROUND(VLOOKUP(G48,'設定'!$A$9:$B$18,2,FALSE)*H48,2)),E48))) | N48: =IF(L48=1,COUNTIF(L$2:L48,1),"")
A49: I | B49: 4 | C49: 曲がり | E49: 1 | F49: ヶ | K49: =INDEX('設定'!$G$23:$G$34,B49) | L49: =IF(K49<>1,0,IF(OR(A49="T",A49="S",A49="B"),1,IF(AND(OR(I49="",I49<='設定'!$K$2),OR(J49="",ISNUMBER(SEARCH('設定'!$K$3,J49)))),1,0))) | M49: =IF(A49<>"I","",IF(G49="",E49,IFERROR(IF(VLOOKUP(G49,'設定'!$A$9:$B$18,2,FALSE)="",E49,ROUND(VLOOKUP(G49,'設定'!$A$9:$B$18,2,FALSE)*H49,2)),E49))) | N49: =IF(L49=1,COUNTIF(L$2:L49,1),"")
A50: I | B50: 4 | C50: 竪樋工事 | E50: 28 | F50: ⅿ | K50: =INDEX('設定'!$G$23:$G$34,B50) | L50: =IF(K50<>1,0,IF(OR(A50="T",A50="S",A50="B"),1,IF(AND(OR(I50="",I50<='設定'!$K$2),OR(J50="",ISNUMBER(SEARCH('設定'!$K$3,J50)))),1,0))) | M50: =IF(A50<>"I","",IF(G50="",E50,IFERROR(IF(VLOOKUP(G50,'設定'!$A$9:$B$18,2,FALSE)="",E50,ROUND(VLOOKUP(G50,'設定'!$A$9:$B$18,2,FALSE)*H50,2)),E50))) | N50: =IF(L50=1,COUNTIF(L$2:L50,1),"")
A51: I | B51: 4 | C51: ｴﾙﾎﾞｿｹｯﾄ | E51: 33 | F51: ヶ | K51: =INDEX('設定'!$G$23:$G$34,B51) | L51: =IF(K51<>1,0,IF(OR(A51="T",A51="S",A51="B"),1,IF(AND(OR(I51="",I51<='設定'!$K$2),OR(J51="",ISNUMBER(SEARCH('設定'!$K$3,J51)))),1,0))) | M51: =IF(A51<>"I","",IF(G51="",E51,IFERROR(IF(VLOOKUP(G51,'設定'!$A$9:$B$18,2,FALSE)="",E51,ROUND(VLOOKUP(G51,'設定'!$A$9:$B$18,2,FALSE)*H51,2)),E51))) | N51: =IF(L51=1,COUNTIF(L$2:L51,1),"")
A52: I | B52: 4 | C52: ﾂｶﾐ金 | E52: 24 | F52: ヶ | K52: =INDEX('設定'!$G$23:$G$34,B52) | L52: =IF(K52<>1,0,IF(OR(A52="T",A52="S",A52="B"),1,IF(AND(OR(I52="",I52<='設定'!$K$2),OR(J52="",ISNUMBER(SEARCH('設定'!$K$3,J52)))),1,0))) | M52: =IF(A52<>"I","",IF(G52="",E52,IFERROR(IF(VLOOKUP(G52,'設定'!$A$9:$B$18,2,FALSE)="",E52,ROUND(VLOOKUP(G52,'設定'!$A$9:$B$18,2,FALSE)*H52,2)),E52))) | N52: =IF(L52=1,COUNTIF(L$2:L52,1),"")
A53: I | B53: 4 | C53: 雑材消耗品費 | E53: 1 | F53: 式 | K53: =INDEX('設定'!$G$23:$G$34,B53) | L53: =IF(K53<>1,0,IF(OR(A53="T",A53="S",A53="B"),1,IF(AND(OR(I53="",I53<='設定'!$K$2),OR(J53="",ISNUMBER(SEARCH('設定'!$K$3,J53)))),1,0))) | M53: =IF(A53<>"I","",IF(G53="",E53,IFERROR(IF(VLOOKUP(G53,'設定'!$A$9:$B$18,2,FALSE)="",E53,ROUND(VLOOKUP(G53,'設定'!$A$9:$B$18,2,FALSE)*H53,2)),E53))) | N53: =IF(L53=1,COUNTIF(L$2:L53,1),"")
A54: S | B54: 4 | C54: 小 計 | K54: =INDEX('設定'!$G$23:$G$34,B54) | L54: =IF(K54<>1,0,IF(OR(A54="T",A54="S",A54="B"),1,IF(AND(OR(I54="",I54<='設定'!$K$2),OR(J54="",ISNUMBER(SEARCH('設定'!$K$3,J54)))),1,0))) | M54: =IF(A54<>"I","",IF(G54="",E54,IFERROR(IF(VLOOKUP(G54,'設定'!$A$9:$B$18,2,FALSE)="",E54,ROUND(VLOOKUP(G54,'設定'!$A$9:$B$18,2,FALSE)*H54,2)),E54))) | N54: =IF(L54=1,COUNTIF(L$2:L54,1),"")
A55: B | B55: 4 | K55: =INDEX('設定'!$G$23:$G$34,B55) | L55: =IF(K55<>1,0,IF(OR(A55="T",A55="S",A55="B"),1,IF(AND(OR(I55="",I55<='設定'!$K$2),OR(J55="",ISNUMBER(SEARCH('設定'!$K$3,J55)))),1,0))) | M55: =IF(A55<>"I","",IF(G55="",E55,IFERROR(IF(VLOOKUP(G55,'設定'!$A$9:$B$18,2,FALSE)="",E55,ROUND(VLOOKUP(G55,'設定'!$A$9:$B$18,2,FALSE)*H55,2)),E55))) | N55: =IF(L55=1,COUNTIF(L$2:L55,1),"")
A56: T | B56: 5 | C56: 内外装工事 | K56: =INDEX('設定'!$G$23:$G$34,B56) | L56: =IF(K56<>1,0,IF(OR(A56="T",A56="S",A56="B"),1,IF(AND(OR(I56="",I56<='設定'!$K$2),OR(J56="",ISNUMBER(SEARCH('設定'!$K$3,J56)))),1,0))) | M56: =IF(A56<>"I","",IF(G56="",E56,IFERROR(IF(VLOOKUP(G56,'設定'!$A$9:$B$18,2,FALSE)="",E56,ROUND(VLOOKUP(G56,'設定'!$A$9:$B$18,2,FALSE)*H56,2)),E56))) | N56: =IF(L56=1,COUNTIF(L$2:L56,1),"")
A57: I | B57: 5 | C57: KMEW ｾﾗﾃﾞｨｰﾙ16･親水ﾊﾟﾜｰｺｰﾄ | E57: 108 | F57: 枚 | K57: =INDEX('設定'!$G$23:$G$34,B57) | L57: =IF(K57<>1,0,IF(OR(A57="T",A57="S",A57="B"),1,IF(AND(OR(I57="",I57<='設定'!$K$2),OR(J57="",ISNUMBER(SEARCH('設定'!$K$3,J57)))),1,0))) | M57: =IF(A57<>"I","",IF(G57="",E57,IFERROR(IF(VLOOKUP(G57,'設定'!$A$9:$B$18,2,FALSE)="",E57,ROUND(VLOOKUP(G57,'設定'!$A$9:$B$18,2,FALSE)*H57,2)),E57))) | N57: =IF(L57=1,COUNTIF(L$2:L57,1),"")
A58: I | B58: 5 | C58: 同質出隅 L=455 | E58: 58 | F58: 本 | K58: =INDEX('設定'!$G$23:$G$34,B58) | L58: =IF(K58<>1,0,IF(OR(A58="T",A58="S",A58="B"),1,IF(AND(OR(I58="",I58<='設定'!$K$2),OR(J58="",ISNUMBER(SEARCH('設定'!$K$3,J58)))),1,0))) | M58: =IF(A58<>"I","",IF(G58="",E58,IFERROR(IF(VLOOKUP(G58,'設定'!$A$9:$B$18,2,FALSE)="",E58,ROUND(VLOOKUP(G58,'設定'!$A$9:$B$18,2,FALSE)*H58,2)),E58))) | N58: =IF(L58=1,COUNTIF(L$2:L58,1),"")
A59: I | B59: 5 | C59: 横張り用ﾛﾝｸﾞｽﾀｰﾀｰ5㎜ | E59: 12 | F59: 本 | K59: =INDEX('設定'!$G$23:$G$34,B59) | L59: =IF(K59<>1,0,IF(OR(A59="T",A59="S",A59="B"),1,IF(AND(OR(I59="",I59<='設定'!$K$2),OR(J59="",ISNUMBER(SEARCH('設定'!$K$3,J59)))),1,0))) | M59: =IF(A59<>"I","",IF(G59="",E59,IFERROR(IF(VLOOKUP(G59,'設定'!$A$9:$B$18,2,FALSE)="",E59,ROUND(VLOOKUP(G59,'設定'!$A$9:$B$18,2,FALSE)*H59,2)),E59))) | N59: =IF(L59=1,COUNTIF(L$2:L59,1),"")
A60: I | B60: 5 | C60: 縦・横張り用留め金具5㎜ | D60: 平板用 | E60: 11 | F60: 袋 | K60: =INDEX('設定'!$G$23:$G$34,B60) | L60: =IF(K60<>1,0,IF(OR(A60="T",A60="S",A60="B"),1,IF(AND(OR(I60="",I60<='設定'!$K$2),OR(J60="",ISNUMBER(SEARCH('設定'!$K$3,J60)))),1,0))) | M60: =IF(A60<>"I","",IF(G60="",E60,IFERROR(IF(VLOOKUP(G60,'設定'!$A$9:$B$18,2,FALSE)="",E60,ROUND(VLOOKUP(G60,'設定'!$A$9:$B$18,2,FALSE)*H60,2)),E60))) | N60: =IF(L60=1,COUNTIF(L$2:L60,1),"")
A61: I | B61: 5 | C61: 横張り用留め金具5㎜ | D61: 出隅用 | E61: 3 | F61: 袋 | K61: =INDEX('設定'!$G$23:$G$34,B61) | L61: =IF(K61<>1,0,IF(OR(A61="T",A61="S",A61="B"),1,IF(AND(OR(I61="",I61<='設定'!$K$2),OR(J61="",ISNUMBER(SEARCH('設定'!$K$3,J61)))),1,0))) | M61: =IF(A61<>"I","",IF(G61="",E61,IFERROR(IF(VLOOKUP(G61,'設定'!$A$9:$B$18,2,FALSE)="",E61,ROUND(VLOOKUP(G61,'設定'!$A$9:$B$18,2,FALSE)*H61,2)),E61))) | N61: =IF(L61=1,COUNTIF(L$2:L61,1),"")
A62: I | B62: 5 | C62: ｽﾍﾟｰｻｰ5 | D62: (20本入1箱） | E62: 1 | F62: 箱 | K62: =INDEX('設定'!$G$23:$G$34,B62) | L62: =IF(K62<>1,0,IF(OR(A62="T",A62="S",A62="B"),1,IF(AND(OR(I62="",I62<='設定'!$K$2),OR(J62="",ISNUMBER(SEARCH('設定'!$K$3,J62)))),1,0))) | M62: =IF(A62<>"I","",IF(G62="",E62,IFERROR(IF(VLOOKUP(G62,'設定'!$A$9:$B$18,2,FALSE)="",E62,ROUND(VLOOKUP(G62,'設定'!$A$9:$B$18,2,FALSE)*H62,2)),E62))) | N62: =IF(L62=1,COUNTIF(L$2:L62,1),"")
A63: I | B63: 5 | C63: 留め金具用ﾋﾞｽ25 | D63: 木下地用 | E63: 2 | F63: 箱 | K63: =INDEX('設定'!$G$23:$G$34,B63) | L63: =IF(K63<>1,0,IF(OR(A63="T",A63="S",A63="B"),1,IF(AND(OR(I63="",I63<='設定'!$K$2),OR(J63="",ISNUMBER(SEARCH('設定'!$K$3,J63)))),1,0))) | M63: =IF(A63<>"I","",IF(G63="",E63,IFERROR(IF(VLOOKUP(G63,'設定'!$A$9:$B$18,2,FALSE)="",E63,ROUND(VLOOKUP(G63,'設定'!$A$9:$B$18,2,FALSE)*H63,2)),E63))) | N63: =IF(L63=1,COUNTIF(L$2:L63,1),"")
A64: I | B64: 5 | C64: ﾊｯﾄｼﾞｮｲﾅｰ | E64: 35 | F64: 本 | K64: =INDEX('設定'!$G$23:$G$34,B64) | L64: =IF(K64<>1,0,IF(OR(A64="T",A64="S",A64="B"),1,IF(AND(OR(I64="",I64<='設定'!$K$2),OR(J64="",ISNUMBER(SEARCH('設定'!$K$3,J64)))),1,0))) | M64: =IF(A64<>"I","",IF(G64="",E64,IFERROR(IF(VLOOKUP(G64,'設定'!$A$9:$B$18,2,FALSE)="",E64,ROUND(VLOOKUP(G64,'設定'!$A$9:$B$18,2,FALSE)*H64,2)),E64))) | N64: =IF(L64=1,COUNTIF(L$2:L64,1),"")
A65: I | B65: 5 | C65: ﾘﾝｸﾞ釘45 | D65: R400 40本入 | E65: 4 | F65: 袋 | K65: =INDEX('設定'!$G$23:$G$34,B65) | L65: =IF(K65<>1,0,IF(OR(A65="T",A65="S",A65="B"),1,IF(AND(OR(I65="",I65<='設定'!$K$2),OR(J65="",ISNUMBER(SEARCH('設定'!$K$3,J65)))),1,0))) | M65: =IF(A65<>"I","",IF(G65="",E65,IFERROR(IF(VLOOKUP(G65,'設定'!$A$9:$B$18,2,FALSE)="",E65,ROUND(VLOOKUP(G65,'設定'!$A$9:$B$18,2,FALSE)*H65,2)),E65))) | N65: =IF(L65=1,COUNTIF(L$2:L65,1),"")
A66: I | B66: 5 | C66: 補修塗料 ﾄｯﾌﾟ | E66: 2 | F66: 箱 | K66: =INDEX('設定'!$G$23:$G$34,B66) | L66: =IF(K66<>1,0,IF(OR(A66="T",A66="S",A66="B"),1,IF(AND(OR(I66="",I66<='設定'!$K$2),OR(J66="",ISNUMBER(SEARCH('設定'!$K$3,J66)))),1,0))) | M66: =IF(A66<>"I","",IF(G66="",E66,IFERROR(IF(VLOOKUP(G66,'設定'!$A$9:$B$18,2,FALSE)="",E66,ROUND(VLOOKUP(G66,'設定'!$A$9:$B$18,2,FALSE)*H66,2)),E66))) | N66: =IF(L66=1,COUNTIF(L$2:L66,1),"")
A67: I | B67: 5 | C67: 補修塗料 ﾍﾞｰｽ | E67: 1 | F67: 箱 | K67: =INDEX('設定'!$G$23:$G$34,B67) | L67: =IF(K67<>1,0,IF(OR(A67="T",A67="S",A67="B"),1,IF(AND(OR(I67="",I67<='設定'!$K$2),OR(J67="",ISNUMBER(SEARCH('設定'!$K$3,J67)))),1,0))) | M67: =IF(A67<>"I","",IF(G67="",E67,IFERROR(IF(VLOOKUP(G67,'設定'!$A$9:$B$18,2,FALSE)="",E67,ROUND(VLOOKUP(G67,'設定'!$A$9:$B$18,2,FALSE)*H67,2)),E67))) | N67: =IF(L67=1,COUNTIF(L$2:L67,1),"")
A68: I | B68: 5 | C68: 運賃 | E68: 1 | F68: 式 | K68: =INDEX('設定'!$G$23:$G$34,B68) | L68: =IF(K68<>1,0,IF(OR(A68="T",A68="S",A68="B"),1,IF(AND(OR(I68="",I68<='設定'!$K$2),OR(J68="",ISNUMBER(SEARCH('設定'!$K$3,J68)))),1,0))) | M68: =IF(A68<>"I","",IF(G68="",E68,IFERROR(IF(VLOOKUP(G68,'設定'!$A$9:$B$18,2,FALSE)="",E68,ROUND(VLOOKUP(G68,'設定'!$A$9:$B$18,2,FALSE)*H68,2)),E68))) | N68: =IF(L68=1,COUNTIF(L$2:L68,1),"")
A69: I | B69: 5 | C69: 12.5㎜ﾀｲｶﾎﾞｰﾄﾞ | D69: 910*1820 | E69: 220 | F69: 枚 | K69: =INDEX('設定'!$G$23:$G$34,B69) | L69: =IF(K69<>1,0,IF(OR(A69="T",A69="S",A69="B"),1,IF(AND(OR(I69="",I69<='設定'!$K$2),OR(J69="",ISNUMBER(SEARCH('設定'!$K$3,J69)))),1,0))) | M69: =IF(A69<>"I","",IF(G69="",E69,IFERROR(IF(VLOOKUP(G69,'設定'!$A$9:$B$18,2,FALSE)="",E69,ROUND(VLOOKUP(G69,'設定'!$A$9:$B$18,2,FALSE)*H69,2)),E69))) | N69: =IF(L69=1,COUNTIF(L$2:L69,1),"")
A70: I | B70: 5 | C70: 9.5㎜ﾀｲｶﾎﾞｰﾄﾞ | D70: 910*1820 | E70: 80 | F70: 枚 | K70: =INDEX('設定'!$G$23:$G$34,B70) | L70: =IF(K70<>1,0,IF(OR(A70="T",A70="S",A70="B"),1,IF(AND(OR(I70="",I70<='設定'!$K$2),OR(J70="",ISNUMBER(SEARCH('設定'!$K$3,J70)))),1,0))) | M70: =IF(A70<>"I","",IF(G70="",E70,IFERROR(IF(VLOOKUP(G70,'設定'!$A$9:$B$18,2,FALSE)="",E70,ROUND(VLOOKUP(G70,'設定'!$A$9:$B$18,2,FALSE)*H70,2)),E70))) | N70: =IF(L70=1,COUNTIF(L$2:L70,1),"")
A71: I | B71: 5 | C71: 構造用合板12㎜ﾗｰﾁ | D71: 910*1820 | E71: 78 | F71: 枚 | K71: =INDEX('設定'!$G$23:$G$34,B71) | L71: =IF(K71<>1,0,IF(OR(A71="T",A71="S",A71="B"),1,IF(AND(OR(I71="",I71<='設定'!$K$2),OR(J71="",ISNUMBER(SEARCH('設定'!$K$3,J71)))),1,0))) | M71: =IF(A71<>"I","",IF(G71="",E71,IFERROR(IF(VLOOKUP(G71,'設定'!$A$9:$B$18,2,FALSE)="",E71,ROUND(VLOOKUP(G71,'設定'!$A$9:$B$18,2,FALSE)*H71,2)),E71))) | N71: =IF(L71=1,COUNTIF(L$2:L71,1),"")
A72: I | B72: 5 | C72: 12.5㎜ Mｸﾛｽ | E72: 10 | F72: 枚 | K72: =INDEX('設定'!$G$23:$G$34,B72) | L72: =IF(K72<>1,0,IF(OR(A72="T",A72="S",A72="B"),1,IF(AND(OR(I72="",I72<='設定'!$K$2),OR(J72="",ISNUMBER(SEARCH('設定'!$K$3,J72)))),1,0))) | M72: =IF(A72<>"I","",IF(G72="",E72,IFERROR(IF(VLOOKUP(G72,'設定'!$A$9:$B$18,2,FALSE)="",E72,ROUND(VLOOKUP(G72,'設定'!$A$9:$B$18,2,FALSE)*H72,2)),E72))) | N72: =IF(L72=1,COUNTIF(L$2:L72,1),"")
A73: I | B73: 5 | C73: 9㎜ﾗﾜﾝﾍﾞﾆﾔ | D73: 910*1820 | E73: 11 | F73: 枚 | K73: =INDEX('設定'!$G$23:$G$34,B73) | L73: =IF(K73<>1,0,IF(OR(A73="T",A73="S",A73="B"),1,IF(AND(OR(I73="",I73<='設定'!$K$2),OR(J73="",ISNUMBER(SEARCH('設定'!$K$3,J73)))),1,0))) | M73: =IF(A73<>"I","",IF(G73="",E73,IFERROR(IF(VLOOKUP(G73,'設定'!$A$9:$B$18,2,FALSE)="",E73,ROUND(VLOOKUP(G73,'設定'!$A$9:$B$18,2,FALSE)*H73,2)),E73))) | N73: =IF(L73=1,COUNTIF(L$2:L73,1),"")
A74: I | B74: 5 | C74: ｲｸﾀ 銘木ﾗｽﾃｨｯｸ | E74: 34 | F74: ｹｰｽ | K74: =INDEX('設定'!$G$23:$G$34,B74) | L74: =IF(K74<>1,0,IF(OR(A74="T",A74="S",A74="B"),1,IF(AND(OR(I74="",I74<='設定'!$K$2),OR(J74="",ISNUMBER(SEARCH('設定'!$K$3,J74)))),1,0))) | M74: =IF(A74<>"I","",IF(G74="",E74,IFERROR(IF(VLOOKUP(G74,'設定'!$A$9:$B$18,2,FALSE)="",E74,ROUND(VLOOKUP(G74,'設定'!$A$9:$B$18,2,FALSE)*H74,2)),E74))) | N74: =IF(L74=1,COUNTIF(L$2:L74,1),"")
A75: I | B75: 5 | C75: ｲｸﾀ ﾘﾌｫｰﾑ框6尺 | E75: 1 | F75: ｾｯﾄ | K75: =INDEX('設定'!$G$23:$G$34,B75) | L75: =IF(K75<>1,0,IF(OR(A75="T",A75="S",A75="B"),1,IF(AND(OR(I75="",I75<='設定'!$K$2),OR(J75="",ISNUMBER(SEARCH('設定'!$K$3,J75)))),1,0))) | M75: =IF(A75<>"I","",IF(G75="",E75,IFERROR(IF(VLOOKUP(G75,'設定'!$A$9:$B$18,2,FALSE)="",E75,ROUND(VLOOKUP(G75,'設定'!$A$9:$B$18,2,FALSE)*H75,2)),E75))) | N75: =IF(L75=1,COUNTIF(L$2:L75,1),"")
A76: I | B76: 5 | C76: ﾏｯﾄｴｰｽHG16 100㎜ 3坪入 | D76: 壁用 | E76: 21 | F76: ｾｯﾄ | K76: =INDEX('設定'!$G$23:$G$34,B76) | L76: =IF(K76<>1,0,IF(OR(A76="T",A76="S",A76="B"),1,IF(AND(OR(I76="",I76<='設定'!$K$2),OR(J76="",ISNUMBER(SEARCH('設定'!$K$3,J76)))),1,0))) | M76: =IF(A76<>"I","",IF(G76="",E76,IFERROR(IF(VLOOKUP(G76,'設定'!$A$9:$B$18,2,FALSE)="",E76,ROUND(VLOOKUP(G76,'設定'!$A$9:$B$18,2,FALSE)*H76,2)),E76))) | N76: =IF(L76=1,COUNTIF(L$2:L76,1),"")
A77: I | B77: 5 | C77: ｽﾀｲﾛﾌｫｰﾑFG 75㎜ | D77: 床用 910*1820 | E77: 55 | F77: 枚 | K77: =INDEX('設定'!$G$23:$G$34,B77) | L77: =IF(K77<>1,0,IF(OR(A77="T",A77="S",A77="B"),1,IF(AND(OR(I77="",I77<='設定'!$K$2),OR(J77="",ISNUMBER(SEARCH('設定'!$K$3,J77)))),1,0))) | M77: =IF(A77<>"I","",IF(G77="",E77,IFERROR(IF(VLOOKUP(G77,'設定'!$A$9:$B$18,2,FALSE)="",E77,ROUND(VLOOKUP(G77,'設定'!$A$9:$B$18,2,FALSE)*H77,2)),E77))) | N77: =IF(L77=1,COUNTIF(L$2:L77,1),"")
A78: I | B78: 5 | C78: 窓枠130(2本入） | E78: 11 | F78: ｾｯﾄ | K78: =INDEX('設定'!$G$23:$G$34,B78) | L78: =IF(K78<>1,0,IF(OR(A78="T",A78="S",A78="B"),1,IF(AND(OR(I78="",I78<='設定'!$K$2),OR(J78="",ISNUMBER(SEARCH('設定'!$K$3,J78)))),1,0))) | M78: =IF(A78<>"I","",IF(G78="",E78,IFERROR(IF(VLOOKUP(G78,'設定'!$A$9:$B$18,2,FALSE)="",E78,ROUND(VLOOKUP(G78,'設定'!$A$9:$B$18,2,FALSE)*H78,2)),E78))) | N78: =IF(L78=1,COUNTIF(L$2:L78,1),"")
A79: I | B79: 5 | C79: 巾木2型 12入 | E79: 3 | F79: ｹｰｽ | K79: =INDEX('設定'!$G$23:$G$34,B79) | L79: =IF(K79<>1,0,IF(OR(A79="T",A79="S",A79="B"),1,IF(AND(OR(I79="",I79<='設定'!$K$2),OR(J79="",ISNUMBER(SEARCH('設定'!$K$3,J79)))),1,0))) | M79: =IF(A79<>"I","",IF(G79="",E79,IFERROR(IF(VLOOKUP(G79,'設定'!$A$9:$B$18,2,FALSE)="",E79,ROUND(VLOOKUP(G79,'設定'!$A$9:$B$18,2,FALSE)*H79,2)),E79))) | N79: =IF(L79=1,COUNTIF(L$2:L79,1),"")
A80: I | B80: 5 | C80: ﾌｸﾋﾞ ｴｱﾃｯｸｽｼｰﾄ | E80: 7 | F80: 巻 | K80: =INDEX('設定'!$G$23:$G$34,B80) | L80: =IF(K80<>1,0,IF(OR(A80="T",A80="S",A80="B"),1,IF(AND(OR(I80="",I80<='設定'!$K$2),OR(J80="",ISNUMBER(SEARCH('設定'!$K$3,J80)))),1,0))) | M80: =IF(A80<>"I","",IF(G80="",E80,IFERROR(IF(VLOOKUP(G80,'設定'!$A$9:$B$18,2,FALSE)="",E80,ROUND(VLOOKUP(G80,'設定'!$A$9:$B$18,2,FALSE)*H80,2)),E80))) | N80: =IF(L80=1,COUNTIF(L$2:L80,1),"")
A81: I | B81: 5 | C81: ｴｰｽｸﾛｽ 031-AK(白) | D81: 50㎜*20ⅿ | E81: 10 | F81: 本 | K81: =INDEX('設定'!$G$23:$G$34,B81) | L81: =IF(K81<>1,0,IF(OR(A81="T",A81="S",A81="B"),1,IF(AND(OR(I81="",I81<='設定'!$K$2),OR(J81="",ISNUMBER(SEARCH('設定'!$K$3,J81)))),1,0))) | M81: =IF(A81<>"I","",IF(G81="",E81,IFERROR(IF(VLOOKUP(G81,'設定'!$A$9:$B$18,2,FALSE)="",E81,ROUND(VLOOKUP(G81,'設定'!$A$9:$B$18,2,FALSE)*H81,2)),E81))) | N81: =IF(L81=1,COUNTIF(L$2:L81,1),"")
A82: I | B82: 5 | C82: ﾀｲｶﾞｰEXﾊｲﾊﾟｰ 9.5㎜ | E82: 90 | F82: 枚 | K82: =INDEX('設定'!$G$23:$G$34,B82) | L82: =IF(K82<>1,0,IF(OR(A82="T",A82="S",A82="B"),1,IF(AND(OR(I82="",I82<='設定'!$K$2),OR(J82="",ISNUMBER(SEARCH('設定'!$K$3,J82)))),1,0))) | M82: =IF(A82<>"I","",IF(G82="",E82,IFERROR(IF(VLOOKUP(G82,'設定'!$A$9:$B$18,2,FALSE)="",E82,ROUND(VLOOKUP(G82,'設定'!$A$9:$B$18,2,FALSE)*H82,2)),E82))) | N82: =IF(L82=1,COUNTIF(L$2:L82,1),"")
A83: I | B83: 5 | C83: EXﾊｲﾊﾟｰ用連結釘 | E83: 50 | F83: 巻 | K83: =INDEX('設定'!$G$23:$G$34,B83) | L83: =IF(K83<>1,0,IF(OR(A83="T",A83="S",A83="B"),1,IF(AND(OR(I83="",I83<='設定'!$K$2),OR(J83="",ISNUMBER(SEARCH('設定'!$K$3,J83)))),1,0))) | M83: =IF(A83<>"I","",IF(G83="",E83,IFERROR(IF(VLOOKUP(G83,'設定'!$A$9:$B$18,2,FALSE)="",E83,ROUND(VLOOKUP(G83,'設定'!$A$9:$B$18,2,FALSE)*H83,2)),E83))) | N83: =IF(L83=1,COUNTIF(L$2:L83,1),"")
A84: I | B84: 5 | C84: 構造用合板 ﾗｰﾁ | D84: 9*910*3030 | E84: 10 | F84: 枚 | K84: =INDEX('設定'!$G$23:$G$34,B84) | L84: =IF(K84<>1,0,IF(OR(A84="T",A84="S",A84="B"),1,IF(AND(OR(I84="",I84<='設定'!$K$2),OR(J84="",ISNUMBER(SEARCH('設定'!$K$3,J84)))),1,0))) | M84: =IF(A84<>"I","",IF(G84="",E84,IFERROR(IF(VLOOKUP(G84,'設定'!$A$9:$B$18,2,FALSE)="",E84,ROUND(VLOOKUP(G84,'設定'!$A$9:$B$18,2,FALSE)*H84,2)),E84))) | N84: =IF(L84=1,COUNTIF(L$2:L84,1),"")
A85: I | B85: 5 | C85: ﾀｲｶﾞｰﾊｲﾊﾟｰﾊｰﾄﾞ Tﾈｸｽﾄ | E85: 10 | F85: 枚 | K85: =INDEX('設定'!$G$23:$G$34,B85) | L85: =IF(K85<>1,0,IF(OR(A85="T",A85="S",A85="B"),1,IF(AND(OR(I85="",I85<='設定'!$K$2),OR(J85="",ISNUMBER(SEARCH('設定'!$K$3,J85)))),1,0))) | M85: =IF(A85<>"I","",IF(G85="",E85,IFERROR(IF(VLOOKUP(G85,'設定'!$A$9:$B$18,2,FALSE)="",E85,ROUND(VLOOKUP(G85,'設定'!$A$9:$B$18,2,FALSE)*H85,2)),E85))) | N85: =IF(L85=1,COUNTIF(L$2:L85,1),"")
A86: I | B86: 5 | C86: ﾍﾞﾘﾃｨｽ建具、収納 一式 | E86: 1 | F86: 式 | K86: =INDEX('設定'!$G$23:$G$34,B86) | L86: =IF(K86<>1,0,IF(OR(A86="T",A86="S",A86="B"),1,IF(AND(OR(I86="",I86<='設定'!$K$2),OR(J86="",ISNUMBER(SEARCH('設定'!$K$3,J86)))),1,0))) | M86: =IF(A86<>"I","",IF(G86="",E86,IFERROR(IF(VLOOKUP(G86,'設定'!$A$9:$B$18,2,FALSE)="",E86,ROUND(VLOOKUP(G86,'設定'!$A$9:$B$18,2,FALSE)*H86,2)),E86))) | N86: =IF(L86=1,COUNTIF(L$2:L86,1),"")
A87: I | B87: 5 | C87: ﾍﾞﾘﾃｨｽ階段 | E87: 1 | F87: 式 | K87: =INDEX('設定'!$G$23:$G$34,B87) | L87: =IF(K87<>1,0,IF(OR(A87="T",A87="S",A87="B"),1,IF(AND(OR(I87="",I87<='設定'!$K$2),OR(J87="",ISNUMBER(SEARCH('設定'!$K$3,J87)))),1,0))) | M87: =IF(A87<>"I","",IF(G87="",E87,IFERROR(IF(VLOOKUP(G87,'設定'!$A$9:$B$18,2,FALSE)="",E87,ROUND(VLOOKUP(G87,'設定'!$A$9:$B$18,2,FALSE)*H87,2)),E87))) | N87: =IF(L87=1,COUNTIF(L$2:L87,1),"")
A88: I | B88: 5 | C88: 荷揚費用 | E88: 2 | F88: 回 | K88: =INDEX('設定'!$G$23:$G$34,B88) | L88: =IF(K88<>1,0,IF(OR(A88="T",A88="S",A88="B"),1,IF(AND(OR(I88="",I88<='設定'!$K$2),OR(J88="",ISNUMBER(SEARCH('設定'!$K$3,J88)))),1,0))) | M88: =IF(A88<>"I","",IF(G88="",E88,IFERROR(IF(VLOOKUP(G88,'設定'!$A$9:$B$18,2,FALSE)="",E88,ROUND(VLOOKUP(G88,'設定'!$A$9:$B$18,2,FALSE)*H88,2)),E88))) | N88: =IF(L88=1,COUNTIF(L$2:L88,1),"")
A89: I | B89: 5 | C89: 南海ｱｰﾄﾗﾝﾊﾞｰ | D89: 20*450*1450 | E89: 2 | F89: 枚 | K89: =INDEX('設定'!$G$23:$G$34,B89) | L89: =IF(K89<>1,0,IF(OR(A89="T",A89="S",A89="B"),1,IF(AND(OR(I89="",I89<='設定'!$K$2),OR(J89="",ISNUMBER(SEARCH('設定'!$K$3,J89)))),1,0))) | M89: =IF(A89<>"I","",IF(G89="",E89,IFERROR(IF(VLOOKUP(G89,'設定'!$A$9:$B$18,2,FALSE)="",E89,ROUND(VLOOKUP(G89,'設定'!$A$9:$B$18,2,FALSE)*H89,2)),E89))) | N89: =IF(L89=1,COUNTIF(L$2:L89,1),"")
A90: I | B90: 5 | C90: 南海ｱｰﾄﾗﾝﾊﾞｰ | D90: 20*450*900 | E90: 4 | F90: 枚 | K90: =INDEX('設定'!$G$23:$G$34,B90) | L90: =IF(K90<>1,0,IF(OR(A90="T",A90="S",A90="B"),1,IF(AND(OR(I90="",I90<='設定'!$K$2),OR(J90="",ISNUMBER(SEARCH('設定'!$K$3,J90)))),1,0))) | M90: =IF(A90<>"I","",IF(G90="",E90,IFERROR(IF(VLOOKUP(G90,'設定'!$A$9:$B$18,2,FALSE)="",E90,ROUND(VLOOKUP(G90,'設定'!$A$9:$B$18,2,FALSE)*H90,2)),E90))) | N90: =IF(L90=1,COUNTIF(L$2:L90,1),"")
A91: I | B91: 5 | C91: ｼﾝﾌﾟﾙｱﾙﾐ棚柱 | E91: 3 | F91: ｾｯﾄ | K91: =INDEX('設定'!$G$23:$G$34,B91) | L91: =IF(K91<>1,0,IF(OR(A91="T",A91="S",A91="B"),1,IF(AND(OR(I91="",I91<='設定'!$K$2),OR(J91="",ISNUMBER(SEARCH('設定'!$K$3,J91)))),1,0))) | M91: =IF(A91<>"I","",IF(G91="",E91,IFERROR(IF(VLOOKUP(G91,'設定'!$A$9:$B$18,2,FALSE)="",E91,ROUND(VLOOKUP(G91,'設定'!$A$9:$B$18,2,FALSE)*H91,2)),E91))) | N91: =IF(L91=1,COUNTIF(L$2:L91,1),"")
A92: I | B92: 5 | C92: ﾀﾓ積層材 | E92: 1 | F92: 式 | K92: =INDEX('設定'!$G$23:$G$34,B92) | L92: =IF(K92<>1,0,IF(OR(A92="T",A92="S",A92="B"),1,IF(AND(OR(I92="",I92<='設定'!$K$2),OR(J92="",ISNUMBER(SEARCH('設定'!$K$3,J92)))),1,0))) | M92: =IF(A92<>"I","",IF(G92="",E92,IFERROR(IF(VLOOKUP(G92,'設定'!$A$9:$B$18,2,FALSE)="",E92,ROUND(VLOOKUP(G92,'設定'!$A$9:$B$18,2,FALSE)*H92,2)),E92))) | N92: =IF(L92=1,COUNTIF(L$2:L92,1),"")
A93: I | B93: 5 | C93: ﾊｲﾗｯｸﾌﾈﾝ 6㎜ | D93: 910*1820 | E93: 40 | F93: 枚 | K93: =INDEX('設定'!$G$23:$G$34,B93) | L93: =IF(K93<>1,0,IF(OR(A93="T",A93="S",A93="B"),1,IF(AND(OR(I93="",I93<='設定'!$K$2),OR(J93="",ISNUMBER(SEARCH('設定'!$K$3,J93)))),1,0))) | M93: =IF(A93<>"I","",IF(G93="",E93,IFERROR(IF(VLOOKUP(G93,'設定'!$A$9:$B$18,2,FALSE)="",E93,ROUND(VLOOKUP(G93,'設定'!$A$9:$B$18,2,FALSE)*H93,2)),E93))) | N93: =IF(L93=1,COUNTIF(L$2:L93,1),"")
A94: I | B94: 5 | C94: ﾊｯﾄ型 白 1820㎜ | E94: 40 | F94: 本 | K94: =INDEX('設定'!$G$23:$G$34,B94) | L94: =IF(K94<>1,0,IF(OR(A94="T",A94="S",A94="B"),1,IF(AND(OR(I94="",I94<='設定'!$K$2),OR(J94="",ISNUMBER(SEARCH('設定'!$K$3,J94)))),1,0))) | M94: =IF(A94<>"I","",IF(G94="",E94,IFERROR(IF(VLOOKUP(G94,'設定'!$A$9:$B$18,2,FALSE)="",E94,ROUND(VLOOKUP(G94,'設定'!$A$9:$B$18,2,FALSE)*H94,2)),E94))) | N94: =IF(L94=1,COUNTIF(L$2:L94,1),"")
A95: I | B95: 5 | C95: ﾌｸﾋﾞ鋼製束 N460T | E95: 50 | F95: 本 | K95: =INDEX('設定'!$G$23:$G$34,B95) | L95: =IF(K95<>1,0,IF(OR(A95="T",A95="S",A95="B"),1,IF(AND(OR(I95="",I95<='設定'!$K$2),OR(J95="",ISNUMBER(SEARCH('設定'!$K$3,J95)))),1,0))) | M95: =IF(A95<>"I","",IF(G95="",E95,IFERROR(IF(VLOOKUP(G95,'設定'!$A$9:$B$18,2,FALSE)="",E95,ROUND(VLOOKUP(G95,'設定'!$A$9:$B$18,2,FALSE)*H95,2)),E95))) | N95: =IF(L95=1,COUNTIF(L$2:L95,1),"")
A96: I | B96: 5 | C96: 枕棚ﾎﾜｲﾄ 910M 6尺ﾊﾟｲﾌﾟ付 | E96: 1 | F96: ｾｯﾄ | K96: =INDEX('設定'!$G$23:$G$34,B96) | L96: =IF(K96<>1,0,IF(OR(A96="T",A96="S",A96="B"),1,IF(AND(OR(I96="",I96<='設定'!$K$2),OR(J96="",ISNUMBER(SEARCH('設定'!$K$3,J96)))),1,0))) | M96: =IF(A96<>"I","",IF(G96="",E96,IFERROR(IF(VLOOKUP(G96,'設定'!$A$9:$B$18,2,FALSE)="",E96,ROUND(VLOOKUP(G96,'設定'!$A$9:$B$18,2,FALSE)*H96,2)),E96))) | N96: =IF(L96=1,COUNTIF(L$2:L96,1),"")
A97: I | B97: 5 | C97: 枕棚ﾎﾜｲﾄ 910M 4.5尺ﾊﾟｲﾌﾟ付 | E97: 2 | F97: ｾｯﾄ | K97: =INDEX('設定'!$G$23:$G$34,B97) | L97: =IF(K97<>1,0,IF(OR(A97="T",A97="S",A97="B"),1,IF(AND(OR(I97="",I97<='設定'!$K$2),OR(J97="",ISNUMBER(SEARCH('設定'!$K$3,J97)))),1,0))) | M97: =IF(A97<>"I","",IF(G97="",E97,IFERROR(IF(VLOOKUP(G97,'設定'!$A$9:$B$18,2,FALSE)="",E97,ROUND(VLOOKUP(G97,'設定'!$A$9:$B$18,2,FALSE)*H97,2)),E97))) | N97: =IF(L97=1,COUNTIF(L$2:L97,1),"")
A98: I | B98: 5 | C98: 中段ﾎﾜｲﾄ 910M 6尺 | D98: 1840*850*85 | E98: 1 | F98: ｾｯﾄ | K98: =INDEX('設定'!$G$23:$G$34,B98) | L98: =IF(K98<>1,0,IF(OR(A98="T",A98="S",A98="B"),1,IF(AND(OR(I98="",I98<='設定'!$K$2),OR(J98="",ISNUMBER(SEARCH('設定'!$K$3,J98)))),1,0))) | M98: =IF(A98<>"I","",IF(G98="",E98,IFERROR(IF(VLOOKUP(G98,'設定'!$A$9:$B$18,2,FALSE)="",E98,ROUND(VLOOKUP(G98,'設定'!$A$9:$B$18,2,FALSE)*H98,2)),E98))) | N98: =IF(L98=1,COUNTIF(L$2:L98,1),"")
A99: I | B99: 5 | C99: L字ｺｰﾅｰ&目地ｷｬｯﾌﾟ ﾎﾜｲﾄ柄枕棚用 | E99: 2 | F99: ｾｯﾄ | K99: =INDEX('設定'!$G$23:$G$34,B99) | L99: =IF(K99<>1,0,IF(OR(A99="T",A99="S",A99="B"),1,IF(AND(OR(I99="",I99<='設定'!$K$2),OR(J99="",ISNUMBER(SEARCH('設定'!$K$3,J99)))),1,0))) | M99: =IF(A99<>"I","",IF(G99="",E99,IFERROR(IF(VLOOKUP(G99,'設定'!$A$9:$B$18,2,FALSE)="",E99,ROUND(VLOOKUP(G99,'設定'!$A$9:$B$18,2,FALSE)*H99,2)),E99))) | N99: =IF(L99=1,COUNTIF(L$2:L99,1),"")
A100: I | B100: 5 | C100: 枕棚ﾎﾜｲﾄ 910M 3尺ﾊﾟｲﾌﾟ付 | E100: 1 | F100: ｾｯﾄ | K100: =INDEX('設定'!$G$23:$G$34,B100) | L100: =IF(K100<>1,0,IF(OR(A100="T",A100="S",A100="B"),1,IF(AND(OR(I100="",I100<='設定'!$K$2),OR(J100="",ISNUMBER(SEARCH('設定'!$K$3,J100)))),1,0))) | M100: =IF(A100<>"I","",IF(G100="",E100,IFERROR(IF(VLOOKUP(G100,'設定'!$A$9:$B$18,2,FALSE)="",E100,ROUND(VLOOKUP(G100,'設定'!$A$9:$B$18,2,FALSE)*H100,2)),E100))) | N100: =IF(L100=1,COUNTIF(L$2:L100,1),"")
...

Sheet 設定
A1: 構造 | B1: キー | D1: 階数 | E1: 数値 | G1: 工事タイプ | J1: 自動計算 | K1: 値
A2: 木造 | B2: wood | D2: 平屋 | E2: 1 | G2: フルリノベーション | J2: 階数(数値) | K2: =MATCH('入力'!B17,$D$2:$D$4,0)
A3: 鉄骨造 | B3: steel | D3: 2階建て | E3: 2 | G3: 水回りリフォーム | J3: 構造キー | K3: =INDEX($B$2:$B$4,MATCH('入力'!B16,$A$2:$A$4,0))
A4: RC造 | B4: rc | D4: 3階建て | E4: 3 | G4: 内装リフォーム | J4: 延床面積(㎡) | K4: =IF(AND('入力'!B21="",IF(K2>=2,'入力'!B22,"")="",IF(K2>=3,'入力'!B23,"")=""),"",N('入力'!B21)+IF(K2>=2,N('入力'!B22),0)+IF(K2>=3,N('入力'!B23),0))
G5: 外装リフォーム | J5: 延床面積(坪) | K5: =IF(K4="","",ROUND(K4/3.30579,2))
J6: 足場面積 | K6: =IF('入力'!B26<>"",'入力'!B26,IF('入力'!B25<>"",'入力'!B25,""))
J7: 工事タイプ番号 | K7: =MATCH('入力'!B18,$G$2:$G$5,0)
A8: 基準キー | B8: 値（入力シートから自動）
A9: floor1_area | B9: =IF('入力'!B21="","",'入力'!B21)
A10: floor2_area | B10: =IF(AND(K2>=2,'入力'!B22<>""),'入力'!B22,"")
A11: floor3_area | B11: =IF(AND(K2>=3,'入力'!B23<>""),'入力'!B23,"")
A12: total_area | B12: =K4
A13: tsubo | B13: =K5
A14: roof_area | B14: =IF('入力'!B24="","",'入力'!B24)
A15: wall_area | B15: =IF('入力'!B25="","",'入力'!B25)
A16: scaffold_area | B16: =K6
A17: toilet_count | B17: =IF('入力'!B27="","",'入力'!B27)
A18: cloth_len | B18: =IF('入力'!B28="","",'入力'!B28)
A22: 工事ID | B22: 工事名 | C22: フルリノベーション | D22: 水回りリフォーム | E22: 内装リフォーム | F22: 外装リフォーム | G22: 採用 | H22: 採用連番
A23: 1 | B23: 解体工事 | C23: 1 | D23: 1 | E23: 1 | F23: 0 | G23: =IF('入力'!C33="○",1,IF('入力'!C33="×",0,IF(INDEX(C23:F23,$K$7)=1,1,0))) | H23: =IF(G23=1,COUNTIF(G$23:G23,1),"")
A24: 2 | B24: 基礎工事 | C24: 1 | D24: 0 | E24: 0 | F24: 0 | G24: =IF('入力'!C34="○",1,IF('入力'!C34="×",0,IF(INDEX(C24:F24,$K$7)=1,1,0))) | H24: =IF(G24=1,COUNTIF(G$23:G24,1),"")
A25: 3 | B25: 木工事 | C25: 1 | D25: 0 | E25: 1 | F25: 0 | G25: =IF('入力'!C35="○",1,IF('入力'!C35="×",0,IF(INDEX(C25:F25,$K$7)=1,1,0))) | H25: =IF(G25=1,COUNTIF(G$23:G25,1),"")
A26: 4 | B26: 屋根板金工事 | C26: 1 | D26: 0 | E26: 0 | F26: 1 | G26: =IF('入力'!C36="○",1,IF('入力'!C36="×",0,IF(INDEX(C26:F26,$K$7)=1,1,0))) | H26: =IF(G26=1,COUNTIF(G$23:G26,1),"")
A27: 5 | B27: 内外装工事 | C27: 1 | D27: 0 | E27: 1 | F27: 1 | G27: =IF('入力'!C37="○",1,IF('入力'!C37="×",0,IF(INDEX(C27:F27,$K$7)=1,1,0))) | H27: =IF(G27=1,COUNTIF(G$23:G27,1),"")
A28: 6 | B28: 鋼製建具工事 | C28: 1 | D28: 0 | E28: 0 | F28: 0 | G28: =IF('入力'!C38="○",1,IF('入力'!C38="×",0,IF(INDEX(C28:F28,$K$7)=1,1,0))) | H28: =IF(G28=1,COUNTIF(G$23:G28,1),"")
A29: 7 | B29: 塗装工事 | C29: 1 | D29: 0 | E29: 1 | F29: 1 | G29: =IF('入力'!C39="○",1,IF('入力'!C39="×",0,IF(INDEX(C29:F29,$K$7)=1,1,0))) | H29: =IF(G29=1,COUNTIF(G$23:G29,1),"")
A30: 8 | B30: 電気設備工事 | C30: 1 | D30: 1 | E30: 1 | F30: 0 | G30: =IF('入力'!C40="○",1,IF('入力'!C40="×",0,IF(INDEX(C30:F30,$K$7)=1,1,0))) | H30: =IF(G30=1,COUNTIF(G$23:G30,1),"")
A31: 9 | B31: 給排水設備工事 | C31: 1 | D31: 1 | E31: 0 | F31: 0 | G31: =IF('入力'!C41="○",1,IF('入力'!C41="×",0,IF(INDEX(C31:F31,$K$7)=1,1,0))) | H31: =IF(G31=1,COUNTIF(G$23:G31,1),"")
A32: 10 | B32: 住宅設備工事 | C32: 1 | D32: 1 | E32: 0 | F32: 0 | G32: =IF('入力'!C42="○",1,IF('入力'!C42="×",0,IF(INDEX(C32:F32,$K$7)=1,1,0))) | H32: =IF(G32=1,COUNTIF(G$23:G32,1),"")
A33: 11 | B33: 仮設工事 | C33: 1 | D33: 1 | E33: 1 | F33: 1 | G33: =IF('入力'!C43="○",1,IF('入力'!C43="×",0,IF(INDEX(C33:F33,$K$7)=1,1,0))) | H33: =IF(G33=1,COUNTIF(G$23:G33,1),"")
A34: 12 | B34: 諸経費 | C34: 1 | D34: 1 | E34: 1 | F34: 1 | G34: =IF('入力'!C44="○",1,IF('入力'!C44="×",0,IF(INDEX(C34:F34,$K$7)=1,1,0))) | H34: =IF(G34=1,COUNTIF(G$23:G34,1),"")
